title,budget,opening_theaters
Star Wars: Episode VIII - The Last Jedi,"$317,000,000 ","4,232"
The Fate of the Furious,"$250,000,000 ","4,310"
Wonder Woman,"$149,000,000 ","4,165"
Guardians of the Galaxy Vol. 2,"$200,000,000 ","4,347"
Beauty and the Beast,"$160,000,000 ","4,210"
It,"$35,000,000 ","4,103"
Spider-Man: Homecoming,"$175,000,000 ","4,348"
Thor: Ragnarok,"$180,000,000 ","4,080"
Logan,"$97,000,000 ","4,071"
Despicable Me 3,"$80,000,000 ","4,529"
Girls Trip,"$19,000,000 ","2,591"
Anna,N/A,"2,114"
The Art of Self-Defense,N/A,7
Rogue One: A Star Wars Story,"$200,000,000 ","4,157"
1917,N/A,11
Sing,"$75,000,000 ","4,022"
La La Land,"$30,000,000 ",5
Wonder,N/A,"3,096"
The Giant Spider Invasion,N/A,N/A
Junglee,N/A,70
K-12,N/A,N/A
DanTDM Presents The Contest,N/A,684
Bolshoi Ballet: The Sleeping Beauty,N/A,355
Sword of Trust,N/A,2
Lucy in the Sky,N/A,37
National Theatre Live: Fleabag,N/A,N/A
P Storm,N/A,30
The Big Fight Live: IBF Welterweight Title: Errol Spence Jr. vs. Mikey Garcia,N/A,288
A Silent Voice: The Movie,N/A,N/A
You Are Here: A Come From Away Story,N/A,N/A
Line Walker 2: Invisible Spy,N/A,17
Ask Dr. Ruth,N/A,104
Aquarela,N/A,5
The Chambermaid,N/A,1
Sonchiriya,N/A,70
ECCO,N/A,155
Josh Groban Bridges from Madison Square Garden,N/A,N/A
The Lumber Baron,N/A,11
Plácido Domingo Gala,N/A,217
Ophelia,N/A,58
"Cyrano, My Love",N/A,N/A
Greener Grass,N/A,2
QT8: The First Eight,N/A,N/A
Yardie,N/A,77
Jim Allison: Breakthrough,N/A,3
Loro,N/A,1
Britt-Marie Was Here,N/A,3
Buñuel in the Labyrinth of the Turtles,N/A,2
The Death of Dick Long,N/A,30
High on the Hog,N/A,5
The Quiet One,N/A,6
One Cut of the Dead,N/A,2
Midnight Diner,N/A,13
Night School,"$29,000,000 ","3,010"
Making Waves: The Art of Cinematic Sound,N/A,3
The Sower,N/A,2
Grass,N/A,1
The Etruscan Smile,N/A,4
The Dead Center,N/A,10
Before Stonewall,N/A,1
The Return of Martin Guerre,N/A,2
Black Mother,N/A,N/A
Hollywould,N/A,2
The Royal Wedding: Prince Harry and Meghan Markle,N/A,194
Wings of Desire,N/A,1
The Snowman Trek,N/A,N/A
Jumanji/Jumanji: Welcome to the Jungle,N/A,335
Over the Limit,N/A,1
Detour,N/A,1
Divide and Conquer: The Story of Roger Ailes,N/A,15
A German Youth,N/A,1
Dying to Survive,N/A,2
Jihadists,N/A,1
The Day After,N/A,1
Wanda,N/A,1
Far from Vietnam,N/A,1
A Man Vanishes,N/A,2
Tosca's Kiss,N/A,1
I Am Not A Witch,N/A,2
Around India with a Movie Camera,N/A,1
Rat Film,N/A,2
Night of 7 Years,N/A,4
To Die Is Hard,N/A,1
Le joli mai,N/A,3
Realms,N/A,3
Nostalgia de la luz,N/A,1
The Breadwinner,N/A,1
30 Years of Garbage: The Garbage Pail Kids Story,N/A,2
Bad Lucky Goat,N/A,3
Midget Zombie Takeover,"$2,000 ",1
The Legend of Hallowaiian,N/A,N/A
Higher Power,N/A,3
The Ghosts of Johnson Woods,N/A,N/A
Henchmen,N/A,3
TVTV: Video Revolutionaries,N/A,1
33 & Beyond: The Royal Art of Freemasonry,N/A,N/A
Two Men Went to War,N/A,1
Under the Turban,N/A,N/A
BOSTON: An American Running Story,N/A,N/A
Gangsterdam,N/A,N/A
Columbus,N/A,2
Bronx Gothic,N/A,1
Invisible Hands,N/A,1
Beauty and the Beholder,N/A,1
"Hare Krishna! The Mantra, the Movement and the Swami Who Started It",N/A,N/A
Guy,N/A,2
I Still See You,N/A,10
The Thousand Faces of Dunjia,N/A,27
Altered Perception,N/A,N/A
That Way Madness Lies...,N/A,2
Tournament,N/A,N/A
Marrowbone,N/A,7
The Fencer,N/A,2
Permanent,N/A,8
From the East,N/A,1
The Lost Village,N/A,1
An Actor Prepares,N/A,25
Signature Move,N/A,1
In Search of Fellini,N/A,3
A Wizard's Tale,N/A,10
Finding Happiness,N/A,N/A
10x10,N/A,10
Forever,N/A,1
Last Men in Aleppo,N/A,1
West Of The Jordan River,N/A,1
The Swan,N/A,1
Charged: The Eduardo Garcia Story,N/A,N/A
Escapes,N/A,1
The Cage Fighter,N/A,2
The Pact,N/A,10
The Paris Opera,N/A,4
Kingsman: The Golden Circle,"$104,000,000 ","4,003"
The Second Time Around,N/A,N/A
Shadowman,N/A,1
At First Light,N/A,5
Nana,N/A,1
Straight Into a Storm,N/A,1
ACORN and the Firestorm,N/A,1
Tom of Finland,N/A,1
Hot to Trot,N/A,1
Félicité,N/A,1
Living Proof,N/A,N/A
Song Of Granite,N/A,1
Game Changers,N/A,1
Brimstone & Glory,N/A,1
The Citizen,N/A,N/A
Under The Wire,N/A,2
Followers,N/A,N/A
Porto,N/A,1
Fourplay,N/A,2
Nelly,N/A,1
The Family,N/A,1
The Party's Just Beginning,N/A,10
Armed,N/A,10
Frank and Ava,N/A,1
Miss Kiet's Children,N/A,2
The Peacemaker,N/A,1
Nocturama,N/A,3
Cocote,N/A,1
American Dresser,N/A,11
Stella's Last Weekend,N/A,2
Status Update,N/A,75
Social Animals,N/A,75
The Other Side of Everything,N/A,1
Wonderstruck,N/A,4
Kangaroo,N/A,2
Weightless,N/A,2
Kickboxer: Retaliation,N/A,10
Never Look Away,N/A,N/A
The Texture of Falling,N/A,1
Edward II,N/A,1
An L.A. Minute,N/A,3
The Long Dumb Road,N/A,1
Are We Not Cats,N/A,2
Dolores,N/A,1
Notes on an Appearance,N/A,1
12 Days,N/A,1
Intersection,N/A,2
I Am MLK Jr.,N/A,N/A
Women Like Us,N/A,N/A
One Last Thing,N/A,N/A
Postcards from London,N/A,1
Cuban Food Stories,N/A,1
"Distant Voices, Still Lives",N/A,1
In Searching,N/A,2
Chavela,N/A,4
Aida's Secrets,N/A,1
Bill Nye: Science Guy,N/A,1
Duck Butter,N/A,2
The Quake,N/A,7
Of Fathers and Sons,N/A,1
School of Life,N/A,N/A
Defining Hope,N/A,N/A
On the Beach at Night Alone,N/A,1
An Evening with Beverly Luff Linn,N/A,16
A Whale of a Tale,N/A,N/A
Shoah: Four Sisters,N/A,1
Ex Libris: New York Public Library,N/A,1
Calling All Earthlings,N/A,N/A
The Lodgers,N/A,17
This is Congo,N/A,1
In Echo Park,N/A,2
In the Land of Pomegranates,N/A,1
Painless,N/A,2
Spiral,N/A,2
The Clovehitch Killer,N/A,26
Tall: The American Skyscraper and Louis Sullivan,N/A,1
Summer of '67,N/A,1
Blood Feast,"$1,200,000 ",1
Step Up: High Water,N/A,N/A
Spettacolo,N/A,2
El Mar La Mar,N/A,1
Legend of the Mountain,N/A,N/A
Dark River,N/A,2
The Crime of Monsieur Lange,N/A,1
Un traductor,N/A,1
Beauty and the Dogs,N/A,2
Please Stand By,N/A,5
Zoo Wars,N/A,12
Survivors Guide To Prison,N/A,4
Dying to Know: Ram Dass & Timothy Leary,N/A,N/A
Strangers on the Earth,N/A,1
That Summer,N/A,1
The Quest of Alain Ducasse,N/A,1
River Runs Red,N/A,20
Wedding Party 2,N/A,2
Furious,N/A,15
Bullitt County,N/A,9
Embrace: The Documentary,N/A,N/A
Mama Africa,N/A,1
Sicilian Ghost Story,N/A,1
Heavy Trip,N/A,16
Class Rank,N/A,N/A
Rendezvous in July,N/A,1
The Advocates,N/A,1
The Samuel Project,N/A,2
The Assassin's Code,N/A,12
Summer '03,N/A,2
Les Parents Terribles,N/A,1
Victoria & Abdul,N/A,4
The Public Image is Rotten,N/A,1
The Most Unknown,N/A,1
Souvenir,N/A,1
Hannah,N/A,2
Tyrel,N/A,5
Head Full of Honey,N/A,4
My Art,N/A,1
This is Our Land,N/A,1
The Last Race,N/A,3
Minding the Gap,N/A,4
Return of the Hero,N/A,1
Quest,N/A,1
American Chaos,N/A,26
Stavisky...,N/A,1
Let Yourself Go,N/A,8
Novitiate,N/A,3
The Boy Downstairs,N/A,1
American Socialist: The Life and Times of Eugene Victor Debs,N/A,1
How Viktor 'The Garlic' Took Alexey 'The Stud' to the Nursing Home,N/A,8
Like Me,N/A,3
Here and Now,N/A,51
"Lou Andreas-Salomé, The Audacity to be Free",N/A,1
PGS: Intuition Is Your Personal Guidance System,N/A,N/A
Shed Skin Papa,N/A,8
Our Blood is Wine,N/A,2
A Prayer Before Dawn,N/A,13
Thelma,N/A,1
Chasing the Blues,N/A,9
The Escape,N/A,N/A
Weed the People,N/A,1
Trust Machine: The Story of Blockchain,N/A,1
The Lucky Man,N/A,3
When You Read This Letter,N/A,1
Bob le Flambeur,N/A,1
Narcissister Organ Player,N/A,1
Ichi the Killer,N/A,1
Out on Stage,N/A,N/A
"Intent to Destroy: Death, Denial & Depiction",N/A,N/A
Just One Drop,N/A,N/A
The Last Movie Star,N/A,2
Haikara-San: Here Comes Miss Modern,N/A,51
The Charmer,N/A,1
People's Republic of Desire,N/A,N/A
Batman: Mask of the Phantasm,N/A,N/A
Marlina the Murderer in Four Acts,N/A,1
Allegiance to Broadway,N/A,N/A
Maquia: When the Promised Flower Blooms,N/A,13
Mrs. Hyde,N/A,1
Life and Nothing More,N/A,6
Crime + Punishment,N/A,3
Anything,N/A,3
Heading Home: The Tale of Team Israel,N/A,1
The Chronicle of Anna Magdalena Bach,N/A,2
"A Bread Factory, Part One/A Bread Factory, Part Two",N/A,2
Revival,N/A,N/A
King of Hearts,N/A,1
Who We Are Now,N/A,1
306 Hollywood,N/A,1
Gabriel and the Mountain,N/A,2
God's Own Country,N/A,2
Freak Show,N/A,1
Active Measures,N/A,2
November,N/A,1
The Devil and Father Amorth,N/A,8
Ice Dragon: Legend of the Blue Daisies,N/A,228
To the Arctic 3D,N/A,50
The Happys,N/A,2
Eight Hours Don't Make a Day,N/A,1
"One Sings, the Other Doesn't",N/A,1
Journey to the South Pacific,N/A,1
Primal Rage: The Legend of Konga,N/A,N/A
Apocalypsis,N/A,1
The Last Resort,N/A,1
The Tag Along: Devil Fish,N/A,8
Did You Wonder Who Fired the Gun?,N/A,3
Izzy Gets the F*ck Across Town,N/A,15
Ganja & Hess,N/A,1
The Workshop,N/A,1
Winning Formula,N/A,5
The Female Brain,N/A,2
Ava,N/A,1
Loving Pablo,N/A,15
Swimming with Men,N/A,31
Death House,N/A,1
Half the Picture,N/A,1
A Paris Education,N/A,1
The Atomic Cafe,N/A,1
An Elephant's Journey,N/A,N/A
No Intenso Agora,N/A,1
Jet Trash,N/A,2
The Judge,N/A,N/A
Birdboy: The Forgotten Children,N/A,4
Let There Be Light,N/A,373
Vazante,N/A,1
Take Point,N/A,2
The Divine Order,N/A,N/A
Ridge Runners,N/A,7
The Misandrists,N/A,1
Letter from Masanjia,N/A,2
Elliot the Littlest Reindeer,N/A,105
Milford Graves Full Mantis,N/A,1
Senso,N/A,1
The Amendment,N/A,N/A
Quai des Orfèvres,N/A,1
Restoring Tomorrow,N/A,N/A
Belle de Jour,N/A,1
The Desert Bride,N/A,2
Cold Water,N/A,1
Same Kind of Different as Me,N/A,"1,362"
Horn from the Heart: The Paul Butterfield Story,N/A,1
The Cured,N/A,3
On Her Shoulders,N/A,1
Poor Boy,N/A,4
The Apparition,N/A,7
Charm City,N/A,1
Saving Brinton,N/A,1
Desolation,N/A,2
Memories of Underdevelopment,N/A,1
The Mercy,N/A,N/A
Good Manners,N/A,1
Sollers Point,N/A,1
"No Date, No Signature",N/A,3
BPM (Beats Per Minute),N/A,2
Just Getting Started,"$22,000,000 ","2,161"
Moynihan,N/A,1
For Those Who Don't Read Me,N/A,5
The Big Bad Fox and Other Tales,N/A,N/A
Liyana,N/A,1
Goodland,N/A,2
Holy Hell,N/A,4
Maui,N/A,N/A
Le Corbeau,N/A,1
Galapagos,N/A,N/A
24 Frames,N/A,1
The Road Movie,N/A,19
The Other Side of Hope,N/A,3
Mind Game,N/A,7
The House of Tomorrow,N/A,8
"Hale County This Morning, This Evening",N/A,2
Gray Matter,N/A,12
Searching for Ingmar Bergman,N/A,1
Space Station 3D,N/A,24
Small Group,N/A,10
Breath,N/A,1
Mamma Mia!,"$52,000,000 ",243
Girls vs Gangsters,N/A,4
The Heart of Nuba,N/A,1
Western,N/A,1
Krystal,N/A,N/A
Oolong Courtyard: KungFu School,N/A,10
Golden Exits,N/A,1
Araby,N/A,1
Submission,N/A,N/A
First We Take Brooklyn,N/A,5
The Sacrifice,N/A,1
Rodin,N/A,N/A
A Ciambra,N/A,1
Humor Me,N/A,1
350 Days - Legends. Champions. Survivors,N/A,N/A
Bigger,N/A,61
Indian Horse,N/A,N/A
Hitler's Hollywood,N/A,1
What Will People Say,N/A,1
Garry Winogrand: All Things are Photographable,N/A,1
Antonio Lopez 1970: Sex Fashion & Disco,N/A,1
Before We Vanish,N/A,2
Digimon Adventure tri. Part 5: Coexistence,N/A,N/A
Summer in the Forest,N/A,1
Wait for Your Laugh,N/A,2
Racer and the Jailbird,N/A,2
Digimon Adventure tri. Part 6: Future,N/A,N/A
The Great Silence,N/A,1
DAZN Boxing: Canelo Alvarez vs. Rocky Fielding,N/A,368
Django,N/A,4
The China Hustle,N/A,20
Hal,N/A,1
Black '47,N/A,1
American Dream: Detroit,N/A,N/A
Twiceland,N/A,N/A
Woman Walks Ahead,N/A,2
In Search of Greatness,N/A,16
My Friend Dahmer,N/A,4
Cynthia,N/A,21
A Kid Like Jake,N/A,1
Digimon Adventure tri. Part 4: Loss,N/A,N/A
Ramen Heads,N/A,2
"Monrovia, Indiana",N/A,1
Viper Club,N/A,3
Bhavesh Joshi Superhero,N/A,46
Never Goin' Back,N/A,2
Walk With Me,N/A,1
"Westwood: Punk, Icon, Activist",N/A,1
Beuys,N/A,2
Making the Five Heartbeats,N/A,N/A
Bomb City,N/A,17
The Gardener,N/A,1
Where Is Kyra?,N/A,1
Where Hands Touch,N/A,103
Outside In,N/A,9
The House That Jack Built,N/A,32
Liz and the Blue Bird,N/A,N/A
The Doctor from India,N/A,1
Parchi,N/A,39
Feng Shui,N/A,2
"3100, Run and Become",N/A,N/A
Chef Flynn,N/A,1
Wastelander,N/A,22
Under the Tree,N/A,3
The Fog,N/A,43
Namiya,N/A,21
The Last Suit,N/A,6
Tom of Finland,N/A,1
Bye Bye Germany,N/A,2
Tehran Taboo,N/A,1
Above and Beyond: NASA's Journey to Tomorrow,N/A,350
Hold Your Breath,N/A,12
The Riot Act,N/A,9
Shock and Awe,N/A,100
Becoming Astrid,N/A,3
Helicopter Eela,N/A,70
"Nico, 1988",N/A,2
The Boxcar Children - Surprise Island,N/A,N/A
Have a Nice Day,N/A,1
After Auschwitz,N/A,N/A
En el séptimo día,N/A,2
Keys To The Heart,N/A,2
93Queen,N/A,1
Henchmen,N/A,3
The Brawler,N/A,19
1945,N/A,2
Hold Your Breath,N/A,12
Swimming with Men,N/A,31
The Princess and the Matchmaker,N/A,3
Sgt. Stubby: An American Hero,N/A,"1,633"
Senso,N/A,1
Chinese Portrait,N/A,1
Serendipity,N/A,2
In Safe Hands,N/A,1
Owaranai hito: Miyazaki Hayao,N/A,4
Tall Tales from the Magical Garden of Antoon Krings,N/A,N/A
Indivisible,N/A,830
For Those Who Don't Read Me,N/A,5
The Untold Story,N/A,1
Godard Mon Amour,N/A,4
Doctor Who: The Woman Who Fell to Earth,N/A,N/A
The Hours and Times,N/A,1
Yuri!!! On Ice,N/A,109
A Fish in the Bathtub,N/A,3
National Theatre Live: Antony & Cleopatra,N/A,N/A
Blood Fest,N/A,N/A
Game Day,N/A,4
American Playhouse: The Killing Floor,N/A,1
How To Talk To Girls at Parties,N/A,2
Nancy,N/A,3
Claire's Camera,N/A,1
Little Q,N/A,1
Bolshoi Ballet: Swan Lake,N/A,N/A
Goldstone,N/A,1
Stan & Ollie,N/A,5
Custody,N/A,1
Tea With the Dames,N/A,1
Joan the Maid 1: The Battles,N/A,1
Big Brother,N/A,25
"No Date, No Signature",N/A,3
L'héritage de la chouette,N/A,N/A
The Price of Everything,N/A,1
Lobster Cop,N/A,12
TINY: The Life of Erin Blackwell,N/A,1
Cat on a Hot Tin Roof,N/A,N/A
I Lost Albert,N/A,1
BANDSTAND: The Broadway Musical on Screen,N/A,N/A
Iceman,N/A,7
Running for Grace,N/A,3
Back to the Fatherland,N/A,1
The Breadwinner,N/A,3
Reign of Judges: Title of Liberty - Concept Short,N/A,N/A
Godspeed: The Race Across America,N/A,N/A
Champion,N/A,2
Airpocalypse,N/A,21
National Theatre Live: Macbeth,N/A,N/A
The Kindness of Strangers,N/A,3
The Third Murder,N/A,2
El Angel,N/A,2
Filmworker,N/A,1
Golden Slumber,N/A,N/A
Let the Corpses Tan,N/A,3
Big Sonia,N/A,1
Wonder Wheel,N/A,5
John McEnroe: In the Realm of Perfection,N/A,1
The Wandering Soap Opera,N/A,1
Bauhaus Spirit: 100 Years of Bauhaus,N/A,N/A
100 Acres of Hell,N/A,1
Mother of a Day,N/A,1
State Like Sleep,N/A,10
Chasing Portraits,N/A,1
The Gliksmans,N/A,3
Meow Wolf: Origin Story,N/A,N/A
Filmworker,N/A,1
A Cool Fish,N/A,15
Another Day of Life,N/A,2
Crown Vic,N/A,1
Wallflower,N/A,1
All About Nina,N/A,4
Rottentail,N/A,3
The Man Who Invented Christmas,N/A,626
La Flor,N/A,1
Revenge,N/A,37
Andrei Rublev,N/A,2
The Fate of Lee Khan,N/A,1
Detective K: Secret of the Living Dead,N/A,9
Never Heard,N/A,N/A
In Between,N/A,2
National Theatre Live: Julius Caesar,N/A,N/A
Happy Phirr Bhag Jayegi,N/A,44
I'm Leaving Now,N/A,1
Ismael's Ghosts,N/A,2
Namaste England,N/A,71
Memoir of War,N/A,2
Slaughterhouse Rulez,N/A,10
"Love, Cecil",N/A,1
Kaili Blues,N/A,1
Unstoppable,N/A,22
Ballet Blanc,N/A,2
Crepitus,N/A,1
Tito and the Birds,N/A,N/A
At War,N/A,1
Mary Shelley,N/A,2
SGT. Will Gardner,N/A,N/A
Sweet Country,N/A,2
What You Gonna Do When the World's on Fire?,N/A,N/A
Lu Over the Wall,N/A,97
Amazing Grace,N/A,3
A Chance in the World - Premiere,N/A,N/A
Malek,N/A,3
Chulas Fronteras,N/A,1
"Roman J. Israel, Esq.","$22,000,000 ",4
The World Before Your Feet,N/A,2
The Negotiation,N/A,2
The Captain,N/A,1
Intuitions,N/A,3
Anna and the Apocalypse,N/A,5
Spiral Farm,N/A,3
The Garden,N/A,1
Halloween,"$10,000,000 ","3,928"
Cold Blood,N/A,25
Kedarnath,N/A,113
Chokehold,N/A,3
Body at Brighton Rock,N/A,8
Série noire,N/A,1
Love Goes Public,N/A,N/A
The Miracle of the Little Prince,N/A,1
Under the Eiffel Tower,N/A,11
The Meanest Man in Texas,N/A,3
Deep Sea,N/A,43
The Dawn Wall,N/A,2
The Hottest August,N/A,2
To Be of Service,N/A,1
The Golden Glove,N/A,5
Relaxer,N/A,N/A
Patrick the Pug,N/A,10
Hymn: Sarah Brightman In Concert,N/A,N/A
A Boy. A Girl. A Dream.,N/A,61
Nostalgia,N/A,3
George Takei's Allegiance,N/A,N/A
Bodied,N/A,14
Till The End Of The World,N/A,27
Going Attractions: The Definitive Story of the Movie Palace,N/A,N/A
Rosie,N/A,2
Border,N/A,7
Capernaum,N/A,3
Ryuichi Sakamoto: Coda,N/A,1
Mantra: Sounds Into Silence,N/A,N/A
Gonjiam: Haunted Asylum,N/A,2
The Great Buster,N/A,2
Bisbee '17,N/A,1
The Plagiarists,N/A,1
Beloved Beast,N/A,3
This Magnificent Cake!,N/A,1
Genesis,N/A,1
Five Seasons: The Gardens of Piet Oudolf,N/A,3
I'll Take Your Dead,N/A,4
King of Thieves,N/A,11
Gregory's Girl,N/A,1
Geostorm,"$120,000,000 ","3,246"
'85: The Greatest Team in Football History,N/A,N/A
Yu-Gi-Oh!: The Movie - Pyramid of Light,N/A,556
Destroyer,N/A,3
Ghost Fleet,N/A,N/A
Sleepless in Seattle,"$21,000,000 ",419
The Young Karl Marx,N/A,3
Colossal Youth,N/A,N/A
The Metropolitan Opera HD Live: Verdi: Il Trovatore,N/A,N/A
Love After Love,N/A,1
Monster Family,N/A,10
Bel Canto,N/A,2
Around India with a Movie Camera,N/A,1
Studio 54,N/A,1
Cracked Up,N/A,1
Frantz Fanon: Black Skin White Mask,N/A,1
Support the Girls,N/A,33
When Lambs Become Lions,N/A,1
Fritz Lang's Indian Epic,N/A,1
Streetwise,N/A,1
The Spanish Prisoner,N/A,1
Shooting the Mafia,N/A,2
Olivia,N/A,3
The Metropolitan Opera HD Live: Tchaikovsky: Eugene Onegin,N/A,N/A
The Metropolitan Opera HD Live: Puccini: Madama Butterfly,N/A,N/A
The Eyes of Orson Welles,N/A,1
Daughter of Mine,N/A,2
Round of Your Life,N/A,4
Swing Kids,N/A,15
Rudy,N/A,656
Best F(r)iends Volume Two,N/A,366
The Little Mermaid,N/A,82
Mr. Smith Goes to Washington,"$1,900,000 ",577
Angels Are Made Of Light,N/A,1
Night of the Living Dead,N/A,N/A
Eating Animals,N/A,2
16 Bars,N/A,1
Ferrante Fever,N/A,1
Suburban Birds,N/A,1
Ghost Stories,N/A,1
"Buttons, A New Musical Film",N/A,543
Bad Reputation,N/A,196
Museo,N/A,1
Duet for Cannibals,N/A,N/A
If the Dancer Dances,N/A,1
Made Me Do It,N/A,2
I Do Not Care If We Go Down in History as Barbarians,N/A,1
Between the Lines,N/A,N/A
National Theatre Live: The Curious Incident of the Dog in the Night-Time,N/A,N/A
Yomeddine,N/A,4
In Like Flynn,N/A,27
Silencio,N/A,348
That Part Feeling - the Universe of Arvo Part,N/A,N/A
Cold War,N/A,3
Vision Portraits,N/A,N/A
Boom for Real: The Late Teenage Years of Jean-Michel Basquiat,N/A,2
Is Genesis History?,N/A,N/A
The Bolshoi Ballet: Live From Moscow - The Lady of the Camellias,N/A,358
Double Lover,N/A,50
Luis and the Aliens,N/A,N/A
Only the Brave,"$38,000,000 ","2,577"
Far From the Tree,N/A,2
The Metropolitan Opera HD Live: Puccini: Turandot,N/A,N/A
Always at The Carlyle,N/A,1
The House That Jack Built,N/A,N/A
The Bolshoi Ballet: Live From Moscow - The Flames of Paris,N/A,360
The Bolshoi Ballet: Live From Moscow - La Sylphide,N/A,355
Journey's End,N/A,2
Bricked,N/A,N/A
Rampant,N/A,2
Quartet,N/A,1
Stuffed,N/A,1
The White Sheik,N/A,1
Journey to the South Pacific,N/A,1
The Disappearance of My Mother,N/A,N/A
The Guardians,N/A,1
Zen for Nothing,N/A,2
Imprisoned,N/A,1
"Cassandro, The Exotico!",N/A,1
Karwaan,N/A,58
Off Season,N/A,2
Cobra Kai Premiere Event feat. The Karate Kid,N/A,N/A
National Theatre Live: King Lear,N/A,N/A
The Accidental Detective 2: In Action,N/A,11
BuyBust,N/A,25
Last Letter,N/A,18
Maquia: When the Promised Flower Blooms,N/A,157
Owaranai hito: Miyazaki Hayao,N/A,4
Summer 1993,N/A,4
Goldbuster,N/A,24
The Monkey King 3,N/A,34
The Bolshoi Ballet: Live From Moscow - Don Quixote,N/A,358
Made in France,N/A,1
Island of Lemurs: Madagascar,N/A,37
Madeline's Madeline,N/A,1
Rapid Response,N/A,8
Peter and the Farm,N/A,1
This One's for the Ladies,N/A,1
NightLights,N/A,3
The Cat Rescuers,N/A,3
National Bird,N/A,1
My Son,N/A,3
The House with a Clock in Its Walls,"$42,000,000 ","3,592"
First Man,"$59,000,000 ","3,640"
Born to Be Wild,N/A,206
Boy Erased,N/A,5
My Annoying Brother,N/A,N/A
Hagazussa,N/A,11
The Woman Who Loves Giraffes,N/A,2
Screwball,N/A,13
Have It All -The Movie,N/A,N/A
The Final Year,N/A,35
Rebel Without a Cause,N/A,658
Fate/Stay Night: Heaven's Feel - I. Presage Flower,N/A,N/A
Frank and Ava,N/A,1
Touch Me Not,N/A,1
The Competition,N/A,N/A
Combat Obscura,N/A,10
Gauguin: Voyage to Tahiti,N/A,6
Zama,N/A,3
Gemini,N/A,4
The Bolshoi Ballet: Live From Moscow - Coppélia,N/A,360
Justice Is Mind,N/A,1
Our Time,N/A,1
ZZ Top: That Little Ol' Band from Texas,N/A,N/A
The Eyes of My Mother,N/A,5
Paths of the Soul,N/A,1
La folle histoire de Max et Léon,N/A,N/A
Amityville: The Awakening,N/A,10
The Witness,N/A,1
2:22,N/A,3
The Hill Chris Climbed: The Gridiron Heroes Story,N/A,N/A
Anatahan,N/A,N/A
This Last Lonely Place,N/A,2
El Angel,N/A,2
Funan,N/A,1
Midnight Family,N/A,1
Off the Rails,N/A,1
The Black Dove,N/A,2
Julian Schnabel: A Private Portrait,N/A,N/A
Trinity Seven The Movie 2: Heavens Library & Crimson Lord,N/A,18
I Am Not Madame Bovary,N/A,38
Wrinkles the Clown,N/A,21
A Private War,N/A,4
Piercing,N/A,18
Too Late to Die Young,N/A,1
Three Peaks,N/A,1
Starfish,N/A,N/A
Little Joe,N/A,12
To the Arctic 3D,N/A,50
Ode to Joy,N/A,2
Citizen K,N/A,1
Chained for Life,N/A,2
Ballon,N/A,N/A
The House That Jack Built,N/A,32
Tremors,N/A,4
Virginia Minnesota,N/A,2
Keep the Change,N/A,1
The Dating Project,N/A,N/A
Jane,N/A,3
The Cranes Are Flying,N/A,N/A
The Treasure of the Sierra Madre,N/A,631
Joseph Pulitzer: Voice of the People,N/A,1
Scandalous: The True Story of the National Enquirer,N/A,12
The Producers,N/A,629
Fragments of Truth,N/A,N/A
Default,N/A,19
Mazinger Z: INFINITY,N/A,482
"Phoenix, Oregon",N/A,1
Getting Grace,N/A,60
A Bad Moms Christmas,"$28,000,000 ","3,615"
The Guilty,N/A,29
Agent Mr. Chan,N/A,10
Little Pink House,N/A,9
Borg vs. McEnroe,N/A,51
MFKZ,N/A,436
Bishôjo senshi Sailor Moon Super S Special,N/A,520
Youth,N/A,30
Superman,"$55,000,000 ",394
Hamlet,N/A,N/A
Happy End,N/A,3
Dark Money,N/A,1
Christine,N/A,1
Matangi/Maya/M.I.A,N/A,2
The Student,N/A,N/A
The Loving Story,N/A,N/A
The Lion in Winter,N/A,2
The Penguin Counters,N/A,1
Always Shine,N/A,1
Extraordinary Ordinary People,N/A,1
Believe,N/A,638
Clash,N/A,N/A
A Different American Dream,N/A,N/A
Level Five,N/A,2
The Battle of Algiers,N/A,3
It's Not Yet Dark,N/A,2
Do Not Resist,N/A,1
The Polar Express,"$165,000,000 ",N/A
Out of Blue,N/A,35
The Forest for the Trees,N/A,N/A
Almost Friends,N/A,N/A
The Outcasts,N/A,11
The Romans,N/A,1
Never,N/A,2
The Greasy Strangler,N/A,11
Magnus,N/A,1
Girls of the Sun,N/A,8
The Perfect Race,N/A,1
Prassthanam,N/A,32
The Sound of Silence,N/A,2
Detour,N/A,5
Alien Intrusion: Unmasking a Deception,N/A,N/A
Armstrong,N/A,12
Jane and Emma,N/A,21
Redoubt,N/A,1
The Gospel of Eureka,N/A,1
Light of My Life,N/A,28
General Magic,N/A,5
Wicked Witches,N/A,10
The Hole in the Ground,N/A,N/A
The All Americans,N/A,3
Island of Lemurs: Madagascar,N/A,37
RWBY: Argus Limited,N/A,N/A
Generation Wealth,N/A,4
Skate Kitchen,N/A,1
Hyènes,N/A,N/A
Light from Light,N/A,2
The Fireflies Are Gone,N/A,25
Batti Gul Meter Chalu,N/A,64
London Fields,N/A,613
Best F(r)iends: Volume 1,N/A,409
The Square,N/A,4
Big,N/A,689
Across the Universe,N/A,439
What They Had,N/A,4
"Intent to Destroy: Death, Denial & Depiction",N/A,N/A
Red Christmas,N/A,1
Under the Sun,N/A,2
The King,N/A,2
Back to Burgundy,N/A,5
In Between,N/A,2
Miles,N/A,2
New World Order,N/A,2
A Grin Without A Cat,N/A,1
Take Me,N/A,2
Behind the White Glasses,N/A,1
7 from Etheria,N/A,1
Dayveon,N/A,3
The Ghoul,N/A,1
"Accidental Courtesy: Daryl Davis, Race & America",N/A,1
Apprentice,N/A,N/A
No Home Movie,N/A,N/A
Kepler's Dream,N/A,11
Tanna,N/A,2
Celebration,N/A,1
1898: Our Last Men in the Philippines,N/A,10
Wildlife,N/A,4
Demons,N/A,2
Vox Lux,N/A,6
Chasing Einstein,N/A,4
Invisible Life,N/A,2
Daughter of the Nile,N/A,N/A
Santoalla,N/A,1
I Dream in Another Language,N/A,1
Piranhas,N/A,1
Donnybrook,N/A,80
"Leaving Home, Coming Home: A Portrait of Robert Frank",N/A,1
El Norte,N/A,179
The Wind,N/A,30
Asako I & II,N/A,2
Kind Hearts and Coronets,N/A,1
Eating You Alive,N/A,N/A
Hotel by the River,N/A,1
Memory: The Origins of Alien,N/A,19
Neither Wolf Nor Dog,N/A,N/A
Doctor Who,N/A,N/A
The Endless,N/A,1
Kings,N/A,215
Wrestle,N/A,1
The Day Shall Come,N/A,30
Detective Dee: The Four Heavenly Kings,N/A,31
The Load,N/A,1
Disney's Newsies: The Broadway Musical!,N/A,647
But Deliver Us from Evil,N/A,247
Andy Irons: Kissed by God,N/A,N/A
More Than Funny,N/A,N/A
Sunset Blvd.,N/A,628
The Bolshoi Ballet: Live From Moscow - Giselle,N/A,357
Showtime Championship Boxing: Deontay Wilder vs. Tyson Fury,N/A,486
Science Fair,N/A,1
In the Fade,N/A,3
Golden Job,N/A,34
The Bad Kids,N/A,1
Justice,N/A,10
Son of Bigfoot,N/A,N/A
Tower,N/A,N/A
The Levelling,N/A,1
Damsel,N/A,3
Spices of Liberty,N/A,1
Bugs,N/A,N/A
Planetarium,N/A,1
On the Map,N/A,1
Bad Match,N/A,N/A
Le joli mai,N/A,3
Amanda & Jack Go Glamping,N/A,N/A
Batman & Robin,"$125,000,000 ",N/A
"Love, Sweat and Tears",N/A,1
Who's Crazy?,N/A,1
Speed Sisters,N/A,1
La Belle Noiseuse,N/A,1
In the Aisles,N/A,1
Soul on a String,N/A,2
Lionel Richie at Glastonbury,N/A,N/A
The Nun,N/A,1
Vault,N/A,N/A
Recorder: The Marion Stokes Project,N/A,1
MET Opera: Magic Flute,N/A,647
The Bolshoi Ballet: Live From Moscow - Romeo and Juliet,N/A,361
The Ground Beneath My Feet,N/A,1
The Opera House,N/A,604
Los Reyes,N/A,2
Sorry Angel,N/A,1
Hichki,N/A,73
The Bolshoi Ballet: Live From Moscow - The Nutcracker,N/A,360
Flower,N/A,3
Sailor Moon R: The Movie: The Promise of the Rose/Sailor Moon S: The Movie - Hearts in Ice,N/A,526
Shine,N/A,609
Faces Places,N/A,5
Russ Taff: I Still Believe,N/A,N/A
Pasolini,N/A,1
Pom Poko,N/A,733
Jane and Emma,N/A,21
Get Out,"$4,500,000 ","2,781"
The Gender Card Flip,N/A,1
Suicide the Ripple Effect,N/A,1
Dalida,N/A,1
Under the Sea 3D,N/A,49
Badsville,N/A,2
Emily,N/A,1
Train to Busan,N/A,27
Kusama: Infinity,N/A,2
Believer,N/A,32
Deep Sea,N/A,43
Mountain,N/A,1
Dream Boat,N/A,1
Singularity,N/A,10
The Woman Who Left,N/A,1
Bad Lucky Goat,N/A,3
A Boy Called Po,N/A,10
My Father Die,N/A,10
Gift,N/A,2
Desolation Center,N/A,3
Night School,N/A,1
I Love You Both,N/A,7
Memory of the Camps,N/A,1
Shakespeare-Wallah,N/A,1
The Tribes of Palos Verdes,N/A,1
Vengeance: A Love Story,N/A,11
The Pulitzer at 100,N/A,1
An Acceptable Loss,N/A,1
10E,N/A,2
Ága,N/A,1
An Elephant Sitting Still,N/A,1
Buddy,N/A,N/A
The Wild Pear Tree,N/A,1
Love Live! Sunshine!! The School Idol Movie: Over The Rainbow,N/A,N/A
White Snake,N/A,1
Jurassic Park,"$63,000,000 ",532
Grace Jones: Bloodlight and Bami,N/A,3
Soorma,N/A,50
Oh Lucy!,N/A,3
Attack on Titan: Smoke Signal,N/A,N/A
Moonlight Sonata: Deafness in Three Movements,N/A,1
Krull,N/A,507
West Side Story,"$6,000,000 ",616
Knife + Heart,N/A,2
Killer Unicorn,N/A,5
Vertigo,N/A,628
Space Mutiny,N/A,N/A
Miss Kiet's Children,N/A,2
Icaros: A Vision,N/A,1
Hubble 3D,N/A,39
No culpes al karma de lo que te pasa por gilipollas,N/A,10
Shut In,N/A,"2,058"
Gold,N/A,10
Batman Forever,"$100,000,000 ",434
The Cave,N/A,2
The Man from Earth: Holocene,N/A,2
Shot,N/A,N/A
Reset,N/A,2
The Daughter,N/A,N/A
The Raft,N/A,N/A
Company Town,N/A,1
Trespass Against Us,N/A,20
Union,N/A,4
The Ardennes,N/A,1
La Chinoise,N/A,1
The Gospel According to André,N/A,4
Leaning Into The Wind,N/A,5
We the Animals,N/A,3
Blade Runner 2049,"$150,000,000 ","4,058"
"The Night Is Short, Walk on Girl",N/A,10
Frankenstein,N/A,N/A
The Philadelphia Story,N/A,630
Cirque du Soleil in Cinema: KURIOS - Cabinet of Curiosities,N/A,N/A
Shed of the Dead,N/A,10
A Bag of Marbles,N/A,4
The Oath,N/A,10
Loving Vincent,N/A,1
Porco Rosso,N/A,734
Perfect Blue,N/A,491
DCI 2018 Tour Premeire,N/A,N/A
Condorito: The Movie,N/A,153
South Pacific,"$6,000,000 ",683
Final Portrait,N/A,3
Puffs: Filmed Live Off Broadway,N/A,606
Starless Dreams,N/A,1
The Vault,N/A,11
The Work,N/A,2
Scotty and the Secret History of Hollywood,N/A,1
Chosen,N/A,1
Dying to Know: Ram Dass & Timothy Leary,N/A,N/A
The Seasons In Quincy: Four Portraits of John Berger,N/A,1
Tad the Lost Explorer and the Secret of King Midas,N/A,100
"Kill Me, Deadly",N/A,2
The Dark Below,N/A,1
In the Steps of Trisha Brown,N/A,1
On Wings of Eagles,N/A,N/A
Arise from Darkness,N/A,N/A
Clemency,N/A,2
Best Worst Thing That Ever Could Have Happened...,N/A,2
Charlie Says,N/A,38
The Fuzz,N/A,2
The Skyjacker's Tale,N/A,1
Vita & Virginia,N/A,1
Immortal Hero,N/A,12
Zilla and Zoe,N/A,4
Aniara,N/A,19
The Star,"$20,000,000 ",623
Slut in a Good Way,N/A,7
Maze,N/A,2
Midnight Traveler,N/A,1
For Sama,N/A,3
The Proposal,N/A,1
The Last Rampage,N/A,18
Inseparables,N/A,N/A
Fagara,N/A,13
What Is Democracy?,N/A,1
Elizabeth Blue,N/A,10
American Dharma,N/A,1
Carmine Street Guitars,N/A,1
The Persian Connection,N/A,1
A Kind of Loving,N/A,1
Harry Benson: Shoot First,N/A,3
Scum,N/A,1
The Pathological Optimist,N/A,1
Sympathy for the Devil,N/A,6
Footnotes,N/A,1
Under the Silver Lake,N/A,2
The Happy Prince,N/A,8
The Final Wish,N/A,N/A
Suntan,N/A,1
The Bounty Killer,N/A,15
The Jazz Funeral,N/A,2
Another WolfCop,N/A,6
¡He matado a mi marido!,N/A,11
Free Trip to Egypt,N/A,1
Bilal: A New Breed of Hero,N/A,300
Monsters and Men,N/A,18
The Sandlot,N/A,410
Bullitt,N/A,586
Castle in the Sky,N/A,645
Grave of the Fireflies,N/A,715
"Love, Antosha",N/A,1
Fireworks,N/A,10
Clinton Road,N/A,10
The Great Battle,N/A,30
Dragon Ball Z: Bardock - The Father of Goku/Dragon Ball Z: Fusion Reborn,N/A,691
Die Hard,"$28,000,000 ",687
The Children Act,N/A,23
The Spy Gone North,N/A,2
The Room,N/A,N/A
Anna and the Apocalypse,N/A,5
The Ex-File 3: The Return of The Exes,N/A,21
The Cat Returns,N/A,721
The Queen,N/A,1
The Wrong Light,N/A,1
Overdrive,N/A,20
The Ballad of Lefty Brown,N/A,2
From Nowhere,N/A,2
Served Like a Girl,N/A,4
Natasha,N/A,1
Heavy Water,N/A,N/A
Birthright: A War Story,N/A,1
Big Time,N/A,2
The Hate U Give,"$23,000,000 ",36
John Fogerty: 50 Year Trip - Live at Red Rocks,N/A,N/A
Swept Away,N/A,1
Mr. Chibbs,N/A,1
The Riot and the Dance,N/A,N/A
Husband Material,N/A,99
Loveless,N/A,3
The Big Lebowski,N/A,624
Pick of the Litter,N/A,2
We Are the Flesh,N/A,3
Maria By Callas,N/A,16
Mickey and the Bear,N/A,1
Maurizio Cattelan: Be Right Back,N/A,N/A
Burning,N/A,2
The Grateful Dead Meet-Up 2018,N/A,N/A
"DCI 2019: Big, Loud & Live 16",N/A,N/A
Marshall,"$12,000,000 ",821
The Walking Dead: Wrath/The Walking Dead/Fear the Walking Dead: What's Your Story?/Fear the Walking Dead,N/A,777
Félicité,N/A,1
The Florida Project,N/A,4
Last Year at Marienbad,N/A,1
The Sound of Music,"$8,200,000 ",640
Foxtrot,N/A,4
The Transformers,N/A,N/A
Painted Woman,N/A,N/A
Irreplaceable,N/A,2
Inspector Maigret,N/A,1
The Eyes,N/A,1
Itzhak,N/A,2
Sauvage / Wild,N/A,1
The Mountain,N/A,2
Amnesia,N/A,1
Lycan,N/A,5
By the Grace of God,N/A,2
Clarence,N/A,2
The Fiancé,N/A,4
Lovesong,N/A,1
Harry & Snowman,N/A,18
Amelia 2.0,N/A,1
Remember the Goal,N/A,77
Thirst Street,N/A,1
In Search of Fellini,N/A,3
This Changes Everything,N/A,N/A
End of the Century,N/A,1
The Sunshine Makers,N/A,1
Beautiful Boy,N/A,4
Machines,N/A,1
Pelle the Conqueror,N/A,1
Dragon Ball Z: Broly - The Legendary Super Saiyan,N/A,681
Lizzie,N/A,4
The Silence of Others,N/A,1
Cunningham,N/A,4
Ponyo,N/A,726
Being Frank,N/A,3
Bombshell: The Hedy Lamarr Story,N/A,1
The Trump Prophecy,N/A,N/A
Vox Lux,N/A,6
The Divine Move 2: The Wrathful,N/A,2
Jim Henson's Holiday Special with Fraggle Rock and Emmet Otter,N/A,536
The Body,N/A,78
"Love, Gilda",N/A,82
Blaze,N/A,3
Monster Hunt 2,N/A,69
Porto,N/A,1
The Island,N/A,40
Permanent,N/A,8
Boundaries,N/A,5
Mifune: The Last Samurai,N/A,1
Ugetsu,N/A,1
The Challenge,N/A,1
Blind,N/A,14
The Magnificent Seven,"$90,000,000 ","3,674"
I Can Speak,N/A,N/A
Sweet Virginia,N/A,1
The Son of Joseph,N/A,N/A
Beside Bowie: The Mick Ronson Story,N/A,1
Dead Awake,N/A,12
Saigon Bodyguards,N/A,1
Seven Beauties,N/A,1
Staying Vertical,N/A,4
Frank Serpico,N/A,1
Keep Quiet,N/A,1
4 Days in France,N/A,1
Batman Returns,"$80,000,000 ",N/A
Heal,N/A,1
Free Trip to Egypt,N/A,N/A
5B,N/A,128
Cliffs of Freedom,N/A,6
Edie,N/A,7
Diamantino,N/A,1
Fast Color,N/A,25
Christ Stopped at Eboli,N/A,1
The Battle of Jangsari,N/A,2
Styx,N/A,1
"Hale County This Morning, This Evening",N/A,2
Storm Boy,N/A,56
Working Woman,N/A,2
3 Faces,N/A,1
The Little Stranger,N/A,474
HBO Boxing: Canelo Alvarez vs. Gennady Golovkin II,N/A,533
Triple Threat,N/A,12
Mirai,N/A,69
The Catcher Was a Spy,N/A,46
Ploey,N/A,N/A
Savage,N/A,19
A Faithful Man,N/A,1
1945,N/A,2
On Chesil Beach,N/A,4
How Long Will I Love U,N/A,23
Pokémon the Movie: The Power of Us,N/A,989
The Party,N/A,3
Border,N/A,7
Made in India,N/A,193
Beast,N/A,4
The Metropolitan Opera HD Live: Nico Muhly: Marnie,N/A,669
Like Arrows,N/A,N/A
Schindler's List,"$22,000,000 ","1,029"
BANDSTAND: The Broadway Musical on Screen,N/A,N/A
Junction 48,N/A,2
Tea With the Dames,N/A,1
The Polar Express,"$165,000,000 ",N/A
In the Fade,N/A,3
Charged: The Eduardo Garcia Story,N/A,N/A
Legend of the Naga Pearls,N/A,4
Birdboy: The Forgotten Children,N/A,4
Time to Die,N/A,1
Abracadabra,N/A,10
Swing Kids,N/A,15
The Beatles: Eight Days a Week - The Touring Years,N/A,85
Taipei Story,N/A,1
High Strung Free Dance,N/A,106
"Intent to Destroy: Death, Denial & Depiction",N/A,3
Once Upon a Deadpool,"$110,000,000 ","1,566"
The Old Man & the Gun,N/A,5
Saint Judy,N/A,55
Cyrano de Bergerac,N/A,N/A
After Love,N/A,1
Red Trees,N/A,9
The Heiresses,N/A,2
Skid Row Marathon,N/A,438
Ms. Purple,N/A,1
Looking Up,N/A,13
Woodstock,N/A,2
Kedarnath,N/A,113
Let the Sunshine In,N/A,2
Papi Chulo,N/A,2
The Star,"$20,000,000 ","2,837"
Mayday Life,N/A,8
The Dawn Wall,N/A,N/A
Film Stars Don't Die in Liverpool,N/A,4
Kirk Cameron: Connect,N/A,N/A
White Christmas,N/A,638
Tiger Zinda Hai,"$20,470,000 ",299
Little Italy,N/A,133
The Leisure Seeker,N/A,N/A
The Miseducation of Cameron Post,N/A,2
The Cakemaker,N/A,4
Vince Giordano: There's a Future in the Past,N/A,1
Paradise,N/A,1
Victor,N/A,12
Sound! Euphonium the Movie - Our Promise: A Brand New Day,N/A,N/A
Brotherhood of Blades 2,N/A,2
Antarctica: Ice and Sky,N/A,N/A
My Dear Liar,N/A,29
The Farthest,N/A,2
The Crossing,N/A,28
Rebels on Pointe,N/A,2
Ramen Shop,N/A,2
SHOT! The Psycho-Spiritual Mantra of Rock,N/A,2
Hunter Gatherer,N/A,N/A
Varda by Agnès,N/A,2
A Bigger Splash,N/A,1
Loopers: The Caddie's Long Walk,N/A,68
Labyrinth,N/A,576
The Insult,N/A,3
Wildlife,N/A,4
Elvis: The Comeback Special,N/A,N/A
Mapplethorpe,N/A,3
The Metropolitan Opera HD Live: Puccini: La Fanciulla del West,N/A,705
The Metropolitan Opera HD Live: Rossini: Semiramide,N/A,691
Rojo,N/A,2
Nothing to Lose,N/A,69
Zero,N/A,300
The Dark Crystal,N/A,609
Raid,N/A,79
Yellow Submarine,N/A,73
The Metropolitan Opera HD Live: Donizetti: L'Elisir d'Amore,N/A,687
My Neighbor Totoro,N/A,718
Always Miss You,N/A,14
Along With the Gods: The Two Worlds,N/A,17
Qué León,N/A,34
Lean on Pete,N/A,4
Miss Sloane,N/A,3
All the Queen's Horses,N/A,1
Swim Team,N/A,1
Margaret Atwood: Live in Cinemas,N/A,N/A
The Freedom to Marry,N/A,1
Wonders of the Sea,N/A,N/A
The Wound,N/A,N/A
Kills On Wheels,N/A,1
Mirai,N/A,69
The Song of Names,N/A,10
The Image Book,N/A,33
Mission Control: The Unsung Heroes of Apollo,N/A,N/A
Anthropocene: The Human Epoch,N/A,7
Brave New Jersey,N/A,14
Mojin: The Worm Valley,N/A,17
The Third Wife,N/A,1
Walking on Water,N/A,2
Andhadhun,N/A,56
The Metropolitan Opera HD Live: Verdi: Luisa Miller,N/A,685
The Metropolitan Opera HD Live: Saint-Saëns: Samson et Dalila,N/A,699
Spirited Away,N/A,720
Tazza: One-Eyed Jack,N/A,22
The Divine Fury,N/A,23
Penguin Highway,N/A,84
An Interview with God,N/A,N/A
Miss & Mrs. Cops,N/A,2
Grease,"$6,000,000 ",700
Beautifully Broken,N/A,651
Mandy,N/A,75
The Sacrifice,N/A,1
The Metropolitan Opera HD Live: Massenet: Cendrillon,N/A,684
The Seagull,N/A,6
Racetime,N/A,86
Along With the Gods: The Last 49 Days,N/A,48
Sacred,N/A,1
All the Rage,N/A,1
Contemporary Color,N/A,1
Food Evolution,N/A,1
L'important c'est d'aimer,N/A,1
Bad Grandmas,N/A,1
Harmonium,N/A,1
Trafficked,N/A,17
Shoplifters,N/A,5
Carrie Pilby,N/A,6
Burden,N/A,2
Mansfield 66/67,N/A,1
The Last Shaman,N/A,1
Bobbi Jene,N/A,1
Glory,N/A,2
"Belle and Sebastian, Friends for Life",N/A,38
Mob Psycho 100,N/A,375
The Audience,N/A,N/A
The Kingmaker,N/A,2
Be Natural: The Untold Story of Alice Guy-Blaché,N/A,1
Cold Case Hammarskjöld,N/A,10
Downtown 81,N/A,1
Portrait of a Lady on Fire,N/A,2
The Metropolitan Opera HD Live: Mozart: Così fan tutte,N/A,687
Babylon,N/A,1
McQueen,N/A,4
The Fall of the American Empire,N/A,72
Police Story,N/A,5
The Brink,N/A,4
Branagh Theatre Live: The Winter's Tale,N/A,92
Dunkirk,"$100,000,000 ",53
Little Women,N/A,643
102 Not Out,N/A,102
Baaghi 2,N/A,123
Made for More,N/A,N/A
"Ruben Brandt, Collector",N/A,1
The Reports on Sarah and Saleem,N/A,4
Operation Red Sea,N/A,45
Finding Your Feet,N/A,14
Princess Mononoke,N/A,731
"Don't Worry, He Won't Get Far on Foot",N/A,4
Thugs of Hindostan,N/A,377
The Metropolitan Opera HD Live: Verdi: Aida,N/A,699
A Private War,N/A,4
Heat and Dust,N/A,4
The Blackcoat's Daughter,N/A,26
All These Sleepless Nights,N/A,3
Trophy,N/A,1
The Girl Without Hands,N/A,1
The Bookshop,N/A,4
Man Underground,N/A,3
RV: Resurrected Victims,N/A,11
Better Watch Out,N/A,25
Absolutely Anything,N/A,N/A
The Man from Outer Space,N/A,2
The Lucky Man,N/A,3
The Passion of Joan of Arc,N/A,1
Massacre on Aisle 12,N/A,1
A Beginner's Guide to Snuff,N/A,3
Whisky Galore,N/A,N/A
God Knows Where I Am,N/A,N/A
Easy Rider,"$360,000 ",252
Bending the Arc,N/A,2
The Transfiguration,N/A,1
The Recall,N/A,7
Avant qu'on explose,N/A,35
Mary Magdalene,N/A,62
A Tuba to Cuba,N/A,2
Una,N/A,1
My Scientology Movie,N/A,2
Woodstock,N/A,N/A
Paradise Club,N/A,2
The Zoya Factor,N/A,100
Peppa Celebrates Chinese New Year,N/A,67
Made in Abyss: Journey's Dawn,N/A,N/A
Burning,N/A,2
Okko's Inn,N/A,1
Lynryd Skynyrd: Last of the Street Survivors Farewell Tour,N/A,N/A
Paris Is Burning,"$500,000 ",1
Lost & Found,N/A,N/A
Born to Be Wild,N/A,206
Wilder vs. Ortiz,N/A,186
Race 3,N/A,314
Canelo vs. Kovalev,N/A,471
Palau the Movie,N/A,N/A
On the Basis of Sex,N/A,33
Pad Man,N/A,152
Mister America,N/A,2
The Other Story,N/A,5
The Metropolitan Opera HD Live: Puccini: La Bohème,N/A,687
Moses,N/A,673
Who Will Write Our History,N/A,1
Rafiki,N/A,26
Hubble 3D,N/A,39
Ben Is Back,N/A,4
The Metropolitan Opera HD Live: Verdi: La Traviata,N/A,725
Detective Chinatown 2,N/A,115
The Front Runner,N/A,4
A Fantastic Woman,N/A,5
Assassination Nation,N/A,"1,403"
Pope Francis: A Man of His Word,N/A,346
At Eternity's Gate,N/A,4
The Metropolitan Opera HD Live: Puccini: Tosca,N/A,691
The Fall of the American Empire,N/A,72
Simmba,N/A,301
If Beale Street Could Talk,N/A,4
Murder on the Orient Express,"$55,000,000 ","3,341"
Daddy's Home 2,"$69,000,000 ","3,575"
Papillon,N/A,544
Queen of Katwe,"$15,000,000 ",52
The Departure,N/A,1
The Grace of Jake,N/A,2
Puzzle,N/A,5
Saving Brinton,N/A,1
They Call us Monsters,N/A,N/A
Naples '44,N/A,1
Jasmine,N/A,3
Simple Creature,N/A,3
Finding Oscar,N/A,1
For Ahkeem,N/A,3
"A Woman, a Part",N/A,1
30 Years of Garbage: The Garbage Pail Kids Story,N/A,2
The Old Dark House,N/A,N/A
The Untamed,N/A,1
The Crime of Monsieur Lange,N/A,1
Paradise,N/A,4
Radio Dreams,N/A,1
Doctor Who: Logopolis,N/A,N/A
Trial by Fire,N/A,109
Framing John DeLorean,N/A,1
Little Woods,N/A,33
Hampstead,N/A,12
Ribbons,N/A,5
Glory,N/A,435
Marius/Fanny/César,N/A,1
Peterloo,N/A,3
The Villainess,N/A,1
Halston,N/A,1
Before You Know It,N/A,3
Dogman,N/A,3
War and Peace,N/A,1
The Death and Life of John F. Donovan,N/A,25
Batman,"$35,000,000 ",489
Them That Follow,N/A,3
The World Before Your Feet,N/A,2
Monty Python's Life of Brian,N/A,47
Jay Myself,N/A,1
"Diana Ross: Her Life, Love and Legacy",N/A,N/A
1991,N/A,83
The Rider,N/A,3
Mary and the Witch's Flower,N/A,161
Suspiria,N/A,2
Money,N/A,N/A
A Beautiful Planet,N/A,137
Synonyms,N/A,2
Bharath Ane Nenu,N/A,305
You Were Never Really Here,N/A,3
Thoroughbreds,N/A,549
La boda de Valentina,N/A,331
God Bless the Broken Road,N/A,"1,272"
American Animals,N/A,4
Whitney,N/A,451
The Sisters Brothers,N/A,4
Bad Samaritan,N/A,"2,007"
The Leisure Seeker,N/A,N/A
2001: A Space Odyssey,"$12,000,000 ",4
"Juliet, Naked",N/A,4
The Disaster Artist,N/A,19
7 Days in Entebbe,N/A,838
Hearts Beat Loud,N/A,4
The Oscar Nominated Short Films 2018: Live Action,N/A,198
Mali Blues,N/A,N/A
Berlin Syndrome,N/A,25
First Reformed,N/A,4
Justice League,N/A,"4,051"
Disobedience,N/A,5
False Confessions,N/A,2
Lemon,N/A,2
Signature Move,N/A,1
In Pursuit of Silence,N/A,1
On the Beach at Night Alone,N/A,1
7 Witches,N/A,1
Sidemen: Long Road to Glory,N/A,1
Super Dark Times,N/A,21
Alone in Berlin,N/A,2
No Greater Love,N/A,22
INXS: Baby Live at Wembly Stadium,N/A,N/A
Dealt,N/A,1
Wasted! The Story of Food Waste,N/A,11
Uncertain,N/A,N/A
Bright Ones,N/A,614
Love & Taxes,N/A,1
XX,N/A,7
Dave Made a Maze,N/A,17
Nureyev: Lifting the Curtain,N/A,5
Bolshoi Ballet: The Golden Age,N/A,360
Afterimage,N/A,1
Sunset,N/A,3
Ashfall,N/A,2
Bad Guys: The Movie,N/A,11
Asbury Park: Riot Redemption Rock 'n Roll,N/A,205
Frankie,N/A,4
India's Most Wanted,N/A,110
The Warrior Queen of Jhansi,N/A,276
Marjaavaan,N/A,65
Bolshoi Ballet: Raymonda,N/A,383
Raymonda: Bolshoi Ballet,N/A,383
Robin Hood,"$100,000,000 ","2,827"
Giant Little Ones,N/A,1
Deep Sea,N/A,43
42nd Street: The Musical,N/A,N/A
The Divine Plan,N/A,N/A
Tigers Are Not Afraid,N/A,6
"Iyengar: The Man, Yoga, and the Student's Journey",N/A,1
Indivisible,N/A,830
Bolshoi Ballet: Le Corsaire,N/A,383
Mr. Klein,N/A,1
Gosnell: The Trial of America's Biggest Serial Killer,N/A,673
Thor: Ragnarok,"$180,000,000 ","4,080"
Sgt. Stubby: An American Hero,N/A,"1,633"
The River and the Wall,N/A,57
To Dust,N/A,1
Life Itself,N/A,"2,609"
Ya veremos,N/A,369
Burn the Stage: The Movie,N/A,629
Pagalpanti,N/A,116
Blindspotting,N/A,14
Gotti,N/A,503
Johnny English Strikes Again,"$25,000,000 ",544
Father Figures,N/A,"2,902"
Samson,N/A,"1,249"
Gringo,N/A,"2,404"
Beirut,N/A,755
Action Point,"$19,000,000 ","2,032"
Colette,N/A,4
Kin,N/A,"2,141"
God's Not Dead: A Light in Darkness,N/A,"1,693"
My Hero Academia: Two Heroes,N/A,508
Pandas,N/A,33
Death of a Nation,"$6,000,000 ","1,005"
Once Upon a Deadpool,"$110,000,000 ","1,566"
Leave No Trace,N/A,9
Every Day,"$4,900,000 ","1,667"
The Hurricane Heist,"$35,000,000 ","2,402"
Le Trou,N/A,1
Rat Film,N/A,2
Growing Up Smith,N/A,5
The Edge of Seventeen,"$9,000,000 ","1,945"
The Commune,N/A,7
School Life,N/A,1
Maurice,N/A,1
Heart Blackened,N/A,N/A
78/52: Hitchcock's Shower Scene,N/A,1
A Woman's Life,N/A,2
Sophie and the Rising Sun,N/A,N/A
Woodshock,N/A,3
Hermia & Helena,N/A,2
Karl Marx City,N/A,N/A
One Week and a Day,N/A,3
Unrest,N/A,1
The Settlers,N/A,N/A
Seasons,N/A,13
I Am the Blues,N/A,4
The Death of Louis XIV,N/A,1
Just One Drop,N/A,N/A
Friendsgiving Day #2,N/A,N/A
Bluebeard,N/A,14
"Léon Morin, Priest",N/A,1
A Beautiful Planet,N/A,137
Blink of an Eye,N/A,N/A
Forrest Gump,"$55,000,000 ",560
Venom,"$100,000,000 ","4,250"
Bolshoi Ballet: Carmen Suite/Petrushka,N/A,362
Play the Flute,N/A,N/A
Chasing the Dragon II: Wild Wild Bunch,N/A,16
Family,N/A,3
Hamlet,N/A,N/A
The Possession of Hannah Grace,"$7,700,000 ","2,065"
"Faith, Hope & Love",N/A,18
The Iron Orchard,N/A,8
Dabangg 3,N/A,N/A
Hesburgh,N/A,2
Never Surrender: A Galaxy Quest Documentary,N/A,N/A
Premier Boxing Champions: PBC on FOX PPV: Pacquiao vs. Thurman,N/A,194
Kathy Griffin: A Hell of a Story,N/A,N/A
Master Z: The Ip Man Legacy,N/A,61
Fahrenheit 11/9,N/A,"1,719"
A-X-L,N/A,"1,710"
Unbroken: Path to Redemption,N/A,"1,620"
The Karate Kid,N/A,588
Hotel Artemis,N/A,"2,407"
First Love,N/A,2
Boy Erased,N/A,5
"The Gangster, the Cop, the Devil",N/A,21
Downsizing,"$68,000,000 ","2,668"
Mine 9,N/A,23
Dog Days,N/A,"2,442"
Mid90s,N/A,4
Can You Ever Forgive Me?,N/A,5
Unsane,N/A,"2,023"
Sanju,N/A,356
Beautiful Boy,N/A,4
They Shall Not Grow Old,N/A,N/A
Welcome to Marwen,N/A,"1,911"
Unfriended: Dark Web,"$1,000,000 ","1,546"
Tully,N/A,"1,353"
Under the Sea 3D,N/A,49
Traffik,N/A,"1,046"
Midnight Sun,N/A,"2,173"
Panique,N/A,1
The Death of Stalin,N/A,4
Saving Banksy,N/A,1
The Wife,N/A,4
Tampopo,N/A,1
Napping Princess,N/A,14
Early Man,N/A,"2,494"
The Force,N/A,N/A
My Journey Through French Cinema,N/A,3
The Paris Opera,N/A,4
Twenty Two,N/A,11
DAZN Boxing: Canelo Alvarez vs. Daniel Jacobs,N/A,426
So B. It,N/A,2
From the Land of the Moon,N/A,2
Extraordinary Mission,"$23,000,000 ",20
Person to Person,N/A,3
The Ornithologist,N/A,2
Tickling Giants,N/A,1
I Called Him Morgan,N/A,1
American Woman,N/A,117
Beautiful Accident,N/A,15
Doctor Who: The End of Time: Part One,N/A,N/A
Friendsgiving Day #1,N/A,766
Premier Boxing Champions: PBC on FOX: Spence vs. Porter,N/A,239
Canal Street,N/A,73
The Twilight Zone: A 60th Anniversary Celebration,N/A,N/A
Romeo Akbar Walter,N/A,101
Give Me Liberty,N/A,3
Meeting Gorbachev,N/A,2
When Harry Met Sally...,N/A,660
God of War,N/A,27
Bolshoi Ballet: The Nutcracker,N/A,401
311 Enlarged to Show Detail 3,N/A,N/A
63 Up,N/A,1
Mobile Suit Gundam Narrative,N/A,N/A
Mary Queen of Scots,N/A,4
The Miracle Season,N/A,"1,707"
I Got the Hook Up 2,N/A,37
Padmaavat,N/A,326
The Old Man & the Gun,N/A,5
Upgrade,N/A,"1,457"
Hell Fest,"$5,500,000 ","2,297"
Lords of Chaos,N/A,4
Wonder,N/A,"3,096"
Three Identical Strangers,N/A,5
Free Solo,N/A,4
Her Smell,N/A,3
Call Me by Your Name,N/A,4
All the Money in the World,N/A,"2,074"
The Darkest Minds,"$34,000,000 ","3,127"
RBG,N/A,34
The Possession of Hannah Grace,"$7,700,000 ","2,065"
Eighth Grade,N/A,4
The Girl in the Spider's Web,"$43,000,000 ","2,929"
Happy End,N/A,3
Tomorrow,N/A,1
Worlds Apart,N/A,1
The Boom,N/A,1
Donald Cried,N/A,2
The Teacher,N/A,5
Fire at Sea,N/A,N/A
The Brand New Testament,N/A,6
Star Raiders: The Adventures of Saber Raine,N/A,N/A
Manolo: the Boy Who Made Shoes for Lizards,N/A,3
Bang! The Bert Berns Story,N/A,1
My Entire High School Sinking Into the Sea,N/A,3
Tragedy Girls,N/A,2
Modest Heroes,N/A,370
Smallfoot,N/A,"4,131"
The Tiger Hunter,N/A,N/A
Out of Liberty,N/A,35
The Love Witch,N/A,6
Luzia: Cirque du Soleil in Cinema,N/A,N/A
Architects of Denial,N/A,11
Alive and Kicking,N/A,11
To the Arctic 3D,N/A,50
Just Mercy,N/A,4
One Child Nation,N/A,2
Is It Wrong to Try to Pick Up Girls in a Dungeon - Arrow of the Orion,N/A,N/A
The Tale of The Princess Kaguya,N/A,N/A
True Grit,N/A,614
I Want to Eat Your Pancreas,N/A,397
The Nutcracker and the Four Realms,"$120,000,000 ","3,766"
Octaman,N/A,N/A
The Whistleblower,N/A,133
Slayer: The Repentless Killogy,N/A,N/A
The Godfather: Part II,"$13,000,000 ",681
Saga of Tanya the Evil - The Movie,N/A,N/A
Freaks,N/A,111
Shakira in Concert: El Dorado World Tour,N/A,398
The Bravest,N/A,150
Khalid: Free Spirit,N/A,N/A
Mike Wallace Is Here,N/A,3
Hunter Killer,"$40,000,000 ","2,728"
Mortal Engines,N/A,"3,103"
Forever My Girl,"$3,500,000 ","1,114"
Sorry to Bother You,N/A,16
Stockholm,N/A,N/A
Killerman,N/A,322
The Favourite,N/A,4
Chappaquiddick,N/A,"1,560"
"Paul, Apostle of Christ","$5,000,000 ","1,473"
Lady Bird,N/A,4
SuperFly,"$16,000,000 ","2,220"
Operation Finale,"$24,000,000 ","1,818"
Phantom Thread,N/A,4
Bad Times at the El Royale,"$32,000,000 ","2,808"
Show Dogs,N/A,"3,212"
Vice,N/A,"2,442"
Bad Santa 2,"$26,000,000 ","2,920"
The Happytime Murders,"$40,000,000 ","3,256"
Proud Mary,"$14,000,000 ","2,125"
Holmes & Watson,"$42,000,000 ","2,776"
Overlord,"$38,000,000 ","2,859"
Turn It Around: The Story of East Bay Punk,N/A,1
The Wasted Times,N/A,20
Ocean Waves,N/A,1
The Nile Hilton Incident,N/A,2
Earth: One Amazing Day,N/A,70
Te Ata,N/A,14
Buster's Mal Heart,N/A,1
Millennium Actress,N/A,N/A
Photograph,N/A,13
Warriors of the Dawn,N/A,32
Diane,N/A,3
Pop Aye,N/A,1
Hostiles,N/A,3
Stefan Zweig: Farewell to Europe,N/A,1
Harold and Lillian: A Hollywood Love Story,N/A,2
Won't You Be My Neighbor?,N/A,29
Second Act,"$16,000,000 ","2,607"
Molly's Game,N/A,271
Chapter & Verse,N/A,1
White Boy Rick,"$29,000,000 ","2,504"
Winchester,N/A,"2,480"
The Strangers: Prey at Night,N/A,"2,464"
Searching,N/A,9
"I, Tonya",N/A,4
The Hate U Give,"$23,000,000 ",36
Teen Titans GO! to the Movies,"$10,000,000 ","3,188"
Coco,N/A,"3,987"
Hostiles,N/A,3
Because of Grácia,N/A,32
Dina,N/A,1
The Fencer,N/A,2
BPM (Beats Per Minute),N/A,2
Sully,"$60,000,000 ","3,525"
Keep Watching,N/A,N/A
Poster Boys,N/A,50
"Tim Timmerman, Hope of America",N/A,12
Some Like It Hot,N/A,10
Night of the Living Dead,N/A,1
The Lure,N/A,1
Star Trek: The Motion Picture,"$35,000,000 ",627
Score: A Film Music Documentary,N/A,1
The King's Case Note,N/A,2
The Shawshank Redemption,"$25,000,000 ",669
Memoir of a Murderer,N/A,8
The Tomorrow Man,N/A,4
Matthias & Maxime,N/A,50
Ghostbusters,"$30,000,000 ",546
The Hummingbird Project,N/A,4
Munna Michael,N/A,75
The Mayor,N/A,29
The Secret World of Arrietty,N/A,741
The Cure: Anniversary 1978-2018 Live in Hyde Park,N/A,83
The Wedding Guest,N/A,4
The Man Who Killed Don Quixote,N/A,N/A
Mia and the White Lion,N/A,312
What We Left Behind: Star Trek DS9,N/A,N/A
The Nightingale,N/A,2
Adrift,"$35,000,000 ","3,015"
Robin Hood,"$100,000,000 ","2,827"
Nobody's Fool,"$19,000,000 ","2,468"
Slender Man,"$10,000,000 ","2,358"
Super Troopers 2,"$13,500,000 ","2,038"
Ferdinand,"$111,000,000 ","3,621"
Isle of Dogs,N/A,27
Annihilation,"$40,000,000 ","2,012"
The Bolshoi Ballet: Live From Moscow - A Hero of Our Time,N/A,401
Green Book,"$23,000,000 ",25
SEED: The Untold Story,N/A,N/A
Slack Bay,N/A,N/A
"We Love You, Sally Carmichael!",N/A,7
"Hello, Dolly!",N/A,669
Meet Me in St. Louis,"$1,700,000 ",679
The Thousand Faces of Dunjia,N/A,27
Walking Out,N/A,2
Like Crazy,N/A,2
Fabricated City,N/A,7
Big Sonia,N/A,1
The King's Choice,N/A,2
The Trouble with Terkel,N/A,12
Reset,N/A,20
The Reliant,N/A,N/A
Monos,N/A,5
Abacus: Small Enough to Jail,N/A,1
The Cold Blue,N/A,N/A
The Invisibles,N/A,4
De De Pyaar De,N/A,104
Our Time Will Come,N/A,18
Ash Is Purest White,N/A,7
Fate/stay night [Heaven's Feel] II. lost butterfly,N/A,N/A
Killing Sarai,N/A,160
Ben-Hur,"$15,000,000 ",649
Merci pour tout,N/A,57
The Spy Who Dumped Me,"$40,000,000 ","3,111"
Peppermint,"$25,000,000 ","2,980"
The 15:17 to Paris,"$30,000,000 ","3,042"
The Commuter,N/A,"2,892"
Mile 22,"$50,000,000 ","3,520"
Death Wish,"$30,000,000 ","2,847"
Alpha,"$51,000,000 ","2,719"
Les Misérables: The Staged Concert,N/A,392
Hail Satan?,N/A,3
Pitch Perfect 3,"$45,000,000 ","3,447"
Darkest Hour,N/A,4
Widows,"$42,000,000 ","2,803"
Blumhouse's Truth or Dare,"$3,500,000 ","3,029"
"Love, Simon","$17,000,000 ","2,402"
Paddington 2,N/A,"3,702"
Uncle Drew,N/A,"2,742"
City of Ghosts,N/A,2
Moka,N/A,1
Inferno,"$75,000,000 ","3,576"
The B-Side: Elsa Dorfman's Portrait Photography,N/A,3
Things to Come,N/A,3
Dawson City: Frozen Time,N/A,N/A
The Handmaiden,N/A,5
The Other Side of Hope,N/A,3
Thelma,N/A,1
The Ex-File 3: The Return of The Exes,N/A,21
Marie Curie: The Courage of Knowledge,N/A,6
Buena Vista Social Club: Adios,N/A,80
Explosion,N/A,33
Irving Berlin's Holiday Inn The Broadway Musical,N/A,N/A
The Last Dalai Lama?,N/A,4
"Hare Krishna! The Mantra, the Movement and the Swami Who Started It",N/A,1
Lupin the 3rd: Castle of Cagliostro,N/A,N/A
At Eternity's Gate,N/A,4
Jack Reacher: Never Go Back,"$60,000,000 ","3,780"
Teen Spirit,N/A,4
A Man Called Ove,N/A,9
Restless Creature: Wendy Whelan,N/A,2
Cruel Intentions,"$10,500,000 ",708
Christmas Jars,N/A,N/A
Panipat,N/A,175
Lawrence of Arabia,N/A,661
The Void,N/A,31
The Unknown Girl,N/A,2
Blade of the Immortal,N/A,30
Batla House,N/A,81
CatVideoFest,N/A,1
Gorillaz: Reject False Icons,N/A,N/A
Tyler Perry's Acrimony,N/A,"2,006"
Den of Thieves,N/A,"2,432"
Sherlock Gnomes,"$59,000,000 ","3,662"
First Man,"$59,000,000 ","3,640"
Hereditary,N/A,"2,964"
Exit,N/A,2
12 Strong,N/A,"3,002"
The Climbers,N/A,102
Goosebumps 2: Haunted Halloween,"$35,000,000 ","3,521"
The Russian Five,N/A,36
Breaking In,"$6,000,000 ","2,537"
Red Sparrow,"$69,000,000 ","3,056"
BlacKkKlansman,"$15,000,000 ","1,512"
I Feel Pretty,"$32,000,000 ","3,440"
The Shape of Water,N/A,2
Sicario: Day of the Soldado,"$35,000,000 ","3,055"
Overboard,"$12,000,000 ","1,623"
The Nutcracker and the Four Realms,"$120,000,000 ","3,766"
The Predator,"$88,000,000 ","4,037"
Life of the Party,N/A,"3,656"
A Simple Favor,"$20,000,000 ","3,102"
Maze Runner: The Death Cure,"$62,000,000 ","3,787"
Tag,"$28,000,000 ","3,382"
Bombshell: The Hedy Lamarr Story,N/A,1
Tomb Raider,"$94,000,000 ","3,854"
3 Generations,N/A,6
"Polina, danser sa vie",N/A,2
Nausicaä of the Valley of the Wind,N/A,N/A
Valley of Bones,N/A,300
11-Sep,N/A,425
Whisper of the Heart,N/A,N/A
Widows,"$42,000,000 ","2,803"
13 Minutes,N/A,3
Crazy Rich Asians,"$30,000,000 ","3,384"
Tel Aviv on Fire,N/A,11
Endless Poetry,N/A,2
Manifesto,N/A,1
The Journey,N/A,2
Birds of Passage,N/A,2
Saving Private Ryan,"$70,000,000 ",642
Wild Nights with Emily,N/A,3
David Lynch: The Art Life,N/A,1
Pacific Rim: Uprising,"$150,000,000 ","3,708"
Blockers,"$21,000,000 ","3,379"
The Mule,"$50,000,000 ","2,588"
Instant Family,"$48,000,000 ","3,286"
Skyscraper,"$125,000,000 ","3,782"
Insidious: The Last Key,"$10,000,000 ","3,116"
Book Club,N/A,"2,781"
The House with a Clock in Its Walls,"$42,000,000 ","3,592"
The First Purge,"$13,000,000 ","3,031"
Bumblebee,"$135,000,000 ","3,550"
Game Night,"$37,000,000 ","3,488"
The Spy Behind Home Plate,N/A,1
Night School,"$29,000,000 ","3,010"
Long Day's Journey Into Night,N/A,3
In This Corner of the World,N/A,6
Smallfoot,N/A,"4,131"
The Post,"$50,000,000 ",9
Champion,N/A,31
Marjorie Prime,N/A,6
The Bad Batch,N/A,30
Whose Streets?,N/A,24
Code Geass: Lelouch of the Re;Surrection,N/A,479
Almost Christmas,"$17,000,000 ","2,376"
Mr. Gaga: A True Story of Love and Dance,N/A,2
Embrace: The Documentary,N/A,N/A
"DCI 2019: Big, Loud & Live 16",N/A,N/A
Graduation,N/A,2
Past Life,N/A,4
Take Every Wave: The Life of Laird Hamilton,N/A,1
Everybody's Everything,N/A,29
My Fair Lady,"$17,000,000 ",652
Fiddler: A Miracle of Miracles,N/A,7
La femme de mon frère,N/A,16
The Fortress,N/A,N/A
Grateful Dead Meet-Up 2019,N/A,4
Shadow,N/A,4
The Public,N/A,263
Bethany Hamilton: Unstoppable,N/A,205
Christopher Robin,"$75,000,000 ","3,602"
I Can Only Imagine,"$7,000,000 ","1,629"
Fifty Shades Freed,"$55,000,000 ","3,768"
The Equalizer 2,"$62,000,000 ","3,388"
A Wrinkle in Time,N/A,"3,980"
Rampage,"$120,000,000 ","4,101"
Star Wars: Episode VIII - The Last Jedi,"$317,000,000 ","4,232"
Mary Poppins Returns,"$130,000,000 ","4,090"
Spider-Man: Into the Spider-Verse,N/A,"3,813"
Peter Rabbit,"$50,000,000 ","3,725"
The Nun,"$22,000,000 ","3,876"
Creed II,"$50,000,000 ","3,441"
Spark: A Space Tail,N/A,365
Risk,N/A,34
Mamma Mia! Here We Go Again,"$75,000,000 ","3,317"
The Greatest Showman,"$84,000,000 ","3,006"
Rumble: The Indians Who Rocked The World,N/A,N/A
Ready Player One,"$175,000,000 ","4,234"
Truman,N/A,3
The Adventurers,N/A,17
All I See Is You,"$30,000,000 ",283
Railroad Tigers,N/A,43
California Typewriter,N/A,1
Hubble 3D,N/A,39
Jeremiah Tower: The Last Magnificent,N/A,2
Little Shop of Horrors,N/A,511
1945,N/A,2
American Satan,N/A,55
Crown Heights,N/A,3
The Swindlers,N/A,27
The Breadwinner,N/A,3
Donnie Darko,"$6,000,000 ",21
The Prison,N/A,23
To Kill a Mockingbird,N/A,668
The Least of These: The Graham Staines Story,N/A,440
The White Storm 2: Drug Lords,N/A,54
The Muppet Movie,N/A,N/A
The Ottoman Lieutenant,N/A,216
Dirty Dancing,"$6,000,000 ",650
The Meg,"$130,000,000 ","4,118"
Fantastic Beasts: The Crimes of Grindelwald,"$200,000,000 ","4,163"
Ocean's Eight,"$70,000,000 ","4,145"
The Chaperone,N/A,2
Furie,N/A,14
Crazy Rich Asians,"$30,000,000 ","3,384"
Hotel Transylvania 3: Summer Vacation,"$80,000,000 ","4,267"
Miles Davis: Birth of the Cool,N/A,1
Ralph Breaks the Internet,"$175,000,000 ","4,017"
Halloween,"$10,000,000 ","3,928"
A Quiet Place,"$17,000,000 ","3,508"
Aquaman,N/A,"4,125"
Bohemian Rhapsody,"$52,000,000 ","4,000"
Black Butler: Book of the Atlantic,N/A,N/A
Venom,"$100,000,000 ","4,250"
Roger Waters - Us + Them,N/A,396
Solo: A Star Wars Story,"$275,000,000 ","4,381"
A Star Is Born,"$36,000,000 ","3,686"
Dean,N/A,15
Cezanne et Moi,N/A,2
Gook,N/A,2
Wakefield,N/A,1
Storks,"$70,000,000 ","3,922"
Stalker,N/A,1
The Sky Is Pink,N/A,194
Band Aid,N/A,3
Non-Fiction,N/A,2
Sarkar 3,N/A,107
"I, Daniel Blake",N/A,12
The Game Changers,N/A,N/A
Honeyland,N/A,2
Spirits in the Forest,N/A,276
Joni 75: A Birthday Celebration,N/A,59
Racetime,N/A,86
Raise Hell: The Life & Times of Molly Ivins,N/A,18
I Love Lucy: A Colorized Celebration,N/A,N/A
Patterns of Evidence: Moses Controversy,N/A,855
The Captain,N/A,47
The Church,N/A,252
Where's My Roy Cohn?,N/A,4
Student of the Year 2,N/A,190
More Than Blue,N/A,26
David Crosby: Remember My Name,N/A,4
Chonda Pierce: Unashamed,N/A,N/A
One Piece: Stampede,N/A,541
Ant-Man and the Wasp,N/A,"4,206"
Mission: Impossible - Fallout,"$178,000,000 ","4,386"
Dr. Seuss' The Grinch,"$75,000,000 ","4,141"
Jumanji: Welcome to the Jungle,"$90,000,000 ","3,765"
I Do... Until I Don't,N/A,165
Deadpool 2,"$110,000,000 ","4,349"
Jurassic World: Fallen Kingdom,"$170,000,000 ","4,475"
Incredibles 2,N/A,"4,410"
Avengers: Infinity War,N/A,"4,474"
Loving,N/A,4
Coincidence,N/A,67
God's Own Country,N/A,2
Tom of Finland,N/A,1
Buddies in India,N/A,55
Miss Peregrine's Home for Peculiar Children,"$110,000,000 ","3,522"
My Life as a Zucchini,N/A,2
After the Storm,N/A,6
A Silent Voice: The Movie,N/A,41
Chuck,N/A,4
Dunkirk,"$100,000,000 ",53
Citizen Jane: Battle for the City,N/A,2
Countdown to Canelo vs. Chavez Jr.,N/A,273
Obit.,N/A,N/A
Long Strange Trip - The Untold Story of The Grateful Dead,N/A,56
City Of Rock,N/A,43
Alien,"$11,000,000 ",682
Steel Magnolias,N/A,689
Howl's Moving Castle,N/A,748
Climax,N/A,5
Pearl Jam: Let's Play Two,N/A,5
This Is Not What I Expected,N/A,36
Jesus Is King,N/A,372
A Hidden Life,N/A,5
Transit,N/A,2
Pati Patni Aur Woh,N/A,130
The Fighting Preacher,N/A,28
Woman at War,N/A,5
Kiki's Delivery Service,N/A,753
BlacKkKlansman,"$15,000,000 ","1,512"
Perfect Strangers,N/A,132
Letters From Baghdad,N/A,2
OK Jaanu,N/A,121
Marianne & Leonard: Words of Love,N/A,4
Disney Junior HalloVeen Party!,N/A,N/A
Rush: Cinema Strangiato 2019,N/A,1
Toni Morrison: The Pieces I Am,N/A,4
Between Me and My Mind,N/A,16
Black Panther,N/A,"4,020"
Kung Fu Yoga,"$65,000,000 ",14
BOSTON: An American Running Story,N/A,N/A
I'll Push You: A Real-Life Inspiration,N/A,N/A
Samurai Cop,N/A,N/A
The Accountant,"$44,000,000 ","3,332"
Princess Mononoke,N/A,752
Noah: The Musical,N/A,602
"Love, Kennedy",N/A,19
Luka Chuppi,N/A,139
Bennett's War,N/A,970
The Souvenir,N/A,4
Mortal Engines,N/A,"3,103"
Island of Lemurs: Madagascar,N/A,37
Rebel in the Rye,N/A,4
Playmobil: The Movie,N/A,"2,337"
My Neighbor Totoro,N/A,767
Konosuba!: God's Blessing on This Wonderful World! - Legend of Crimson,N/A,N/A
Western Stars,N/A,345
Chasing Trane: The John Coltrane Documentary,N/A,1
A Gentleman,N/A,135
El Coyote,N/A,N/A
One Piece Film: Gold,N/A,13
Land of Mine,N/A,N/A
No Safe Spaces,N/A,1
Phillauri,N/A,74
DCI 2017 Tour Premeire,N/A,N/A
Duckweed,N/A,27
Journey to the South Pacific,N/A,1
Beach Rats,N/A,3
Nothing to Lose 2,N/A,97
Ek Ladki Ko Dekha Toh Aisa Laga,N/A,193
Sailor Moon R: The Movie: The Promise of the Rose,N/A,145
Song to Song,N/A,4
Los Domirriqueños 2,N/A,53
Kingdom Men Rising,N/A,N/A
High Life,N/A,4
BTS World Tour 'Love Yourself: Speak Yourself' (The Final) Seoul Live Viewing,N/A,490
Spirited Away,N/A,765
Chasing the Dragon,N/A,52
Asterix: The Secret of the Magic Potion,N/A,51
Can You Ever Forgive Me?,N/A,5
Pilgrim's Progress,N/A,706
Metallica & San Francisco Symphony - S&M2,N/A,157
All Is True,N/A,4
Once Upon A Time,N/A,51
Fairy Tail: Dragon Cry,N/A,292
Breathe,N/A,4
Raw,N/A,2
Confidential Assignment,N/A,2
Dolores,N/A,1
Phantom Thread,N/A,4
Our President,N/A,1
Kinky Boots: The Musical,N/A,455
El Chicano,N/A,605
The Kid,N/A,268
Destroyer,N/A,3
Born to Be Wild,N/A,206
Brigsby Bear,N/A,3
Fantastic Fungi,N/A,1
Human Flow,N/A,3
Qué León,N/A,34
Waves,N/A,4
Extreme Job,N/A,2
Made for More,N/A,N/A
Samaritan's Purse presents Facing Darkness,N/A,N/A
Under the Sea 3D,N/A,49
Nocturnal Animals,N/A,37
Allied,"$85,000,000 ","3,160"
Bitter Harvest,N/A,127
Red Joan,N/A,4
Tommy's Honour,N/A,167
Faces Places,N/A,5
The Aftermath,N/A,5
Novitiate,N/A,3
Wild Rose,N/A,4
After the Wedding,N/A,5
The Other Side of Heaven 2: Fire of Faith,N/A,205
Pandas,N/A,33
Ben Is Back,N/A,4
Badla,N/A,50
Master,N/A,3
The Midwife,N/A,3
Official Secrets,N/A,4
Chhichhore,N/A,195
Luce,N/A,5
The Wizard of Oz,"$2,777,000 ",681
Battle of Memories,N/A,42
Better Days,N/A,70
Ip Man 4: The Finale,N/A,70
The White Crow,N/A,5
Housefull 4,N/A,315
The Only Living Boy in New York,N/A,15
Jonah: The Musical,N/A,N/A
Wilson,N/A,310
Along With the Gods: The Two Worlds,N/A,17
Titanic,"$200,000,000 ",87
Chris Brown: Welcome To My Life,N/A,N/A
Total Dhamaal,N/A,202
Shubh Mangal Savdhan,N/A,80
Lost in Paris,N/A,1
Walk With Me,N/A,1
3 from Hell,N/A,N/A
Welcome to Marwen,N/A,"1,911"
Gone with the Wind,N/A,717
Faustina: Love and Mercy,N/A,N/A
Super 30,N/A,317
Promare,N/A,54
"My People, My Country",N/A,67
Arctic,N/A,4
The Devotion of Suspect X,N/A,43
Countdown to Canelo vs. Golovkin,N/A,465
Revive Us 2,N/A,N/A
Mubarakan,N/A,128
George Takei's Allegiance,N/A,476
The Exception,N/A,2
Patti Cake$,N/A,14
The Polar Express,"$165,000,000 ",N/A
Jagga Jasoos,N/A,210
Journey to the West: The Demons Strike Back,N/A,67
The Red Turtle,N/A,3
Instant Family,"$48,000,000 ","3,286"
Neruda,N/A,3
Tod@s Caen,N/A,371
May it Last: A Portrait of the Avett Brothers,N/A,8
Kalank,N/A,320
Friends 25th: The One With The Anniversary,N/A,"1,586"
Mark Felt: The Man Who Brought Down The White House,N/A,5
Fantastic Beasts: The Crimes of Grindelwald,"$200,000,000 ","4,163"
Saaho,N/A,381
Frantz,N/A,2
Honey Boy,N/A,4
Bharat,N/A,311
Simmba,N/A,301
Jay and Silent Bob Reboot,N/A,1
Creed II,"$50,000,000 ","3,441"
BTS World Tour: Love Yourself in Seoul,N/A,997
Everybody Knows,N/A,4
Tubelight,N/A,338
Landline,N/A,4
Echo in the Canyon,N/A,2
The Beach Bum,N/A,"1,100"
Last Flag Flying,N/A,4
The Eagle Huntress,N/A,4
Maiden,N/A,6
Terminator 2: Judgment Day,"$102,000,000 ",371
Golmaal Again,N/A,265
Casablanca,"$950,000 ",725
Wonderstruck,N/A,4
Columbus,N/A,2
Viceroy's House,N/A,4
Step,N/A,29
The Trip to Spain,N/A,3
Lucky,N/A,5
Lady Macbeth,N/A,5
Spirited Away,N/A,632
3 idiotas,N/A,349
The Square,N/A,4
Chonda Pierce: Enough,N/A,N/A
Steve McQueen: American Icon,N/A,N/A
Yu-Gi-Oh!: The Dark Side of Dimensions,N/A,381
True to the Game,N/A,461
The Battleship Island,N/A,1
Ne Zha,N/A,66
Pain and Glory,N/A,4
Mission Mangal,N/A,263
Replicas,N/A,"2,329"
Uri: The Surgical Strike,N/A,101
Linda Ronstadt: The Sound of My Voice,N/A,7
The Women's Balcony,N/A,2
The Biggest Little Farm,N/A,5
Brian Banks,N/A,"1,240"
Amazing Grace,N/A,3
Dr. Seuss' The Grinch,"$75,000,000 ","4,141"
Menteur,N/A,89
War,"$21,000,000 ",305
Cold War,N/A,3
The Last Black Man in San Francisco,N/A,7
Bring The Soul: The Movie,N/A,873
Tolkien,N/A,"1,495"
The Sun Is Also a Star,N/A,"2,073"
Pavarotti,N/A,19
The Mustang,N/A,4
The Oscar Nominated Short Films 2019: Documentary,N/A,270
Don't Let Go,"$5,000,000 ",922
The Goldfinch,"$45,000,000 ","2,542"
The Sense of an Ending,N/A,4
Churchill,N/A,215
My Friend Dahmer,N/A,4
Personal Shopper,N/A,4
Wonder Wheel,N/A,5
Julieta,N/A,6
Toni Erdmann,N/A,3
Jane,N/A,3
Mully,N/A,N/A
Inhumans,N/A,393
Twins 2,N/A,192
The Dinner,N/A,505
The Wedding Plan,N/A,8
Genesis: Paradise Lost,N/A,N/A
The Stray,N/A,640
Professor Marston & the Wonder Women,N/A,"1,229"
Sword Art Online The Movie: Ordinal Scale,N/A,578
Youth,N/A,30
A Ghost Story,"$100,000 ",4
Elle,N/A,2
The Comedian,N/A,2
Jolly LLB 2,N/A,173
Arctic Dogs,N/A,"2,844"
Gully Boy,N/A,258
A Taxi Driver,N/A,41
Captive State,N/A,"2,548"
The Wandering Earth,N/A,64
Jexi,N/A,"2,332"
Run the Race,N/A,853
The Current War: Director's Cut,N/A,"1,022"
Mary Queen of Scots,N/A,4
Free Solo,N/A,4
Gloria Bell,N/A,5
Jab Harry Met Sejal,N/A,280
Slamma Jamma,N/A,502
Brittany Runs a Marathon,N/A,5
Penguins,N/A,"1,815"
The Dead Don't Die,N/A,613
Goodbye Christopher Robin,N/A,9
The Post,"$50,000,000 ",9
Menashe,N/A,3
Toilet: A Love Story,N/A,178
The Last Word,N/A,4
Badrinath Ki Dulhania,N/A,152
Everybody Loves Somebody,N/A,333
Free Fire,N/A,"1,070"
The Wall,N/A,540
The Little Hours,N/A,2
Brad's Status,N/A,4
The Patriarch,N/A,312
Serenity,N/A,"2,561"
"Where'd You Go, Bernadette",N/A,"2,404"
No Manches Frida 2,N/A,472
Good Time,N/A,4
Paterson,N/A,4
Apollo 11,N/A,120
A Quiet Passion,N/A,6
Black Christmas,"$5,000,000 ","2,625"
The Best of Enemies,"$10,000,000 ","1,705"
Greta,N/A,"2,411"
Motherless Brooklyn,"$26,000,000 ","1,342"
Holmes & Watson,"$42,000,000 ","2,776"
Dark Waters,N/A,4
Hotel Mumbai,N/A,4
The Lighthouse,N/A,8
Blinded by the Light,N/A,"2,307"
The Lovers,N/A,4
Collide,N/A,"2,045"
The Killing of a Sacred Deer,N/A,4
The Resurrection of Gavin Stone,N/A,890
Jeepers Creepers III,N/A,10
The Salesman,N/A,3
Pokémon the Movie: I Choose You!,N/A,N/A
"I, Tonya",N/A,4
Tulip Fever,N/A,765
LBJ,N/A,659
Do It Like An Hombre,N/A,382
IN OUR HANDS: Battle for Jerusalem,N/A,N/A
Disney's Newsies: The Broadway Musical!,N/A,780
T2 Trainspotting,"$18,000,000 ",5
A Question of Faith,N/A,661
Showtime Championship Boxing: Floyd Mayweather vs. Conor McGregor,N/A,532
Is Genesis History?,N/A,N/A
My Cousin Rachel,N/A,523
Wolf Warrior 2,"$30,100,000 ",53
Hacksaw Ridge,"$40,000,000 ","2,886"
After,"$14,000,000 ","2,138"
The Kitchen,"$38,000,000 ","2,745"
They Shall Not Grow Old,N/A,N/A
If Beale Street Could Talk,N/A,4
Poms,N/A,"2,750"
A Star Is Born,"$36,000,000 ","3,686"
The Prodigy,"$6,000,000 ","2,530"
Miss Bala,"$15,000,000 ","2,203"
Late Night,N/A,4
Second Act,"$16,000,000 ","2,607"
The Good Liar,"$10,000,000 ","2,439"
Brightburn,"$6,000,000 ","2,607"
Charlie's Angels,"$48,000,000 ","3,452"
Richard Jewell,N/A,"2,502"
Bombshell,N/A,4
Missing Link,N/A,"3,413"
The Kid Who Would Be King,N/A,"3,521"
The Farewell,N/A,4
Unplanned,"$6,000,000 ","1,059"
Cats,"$95,000,000 ","3,380"
UglyDolls,N/A,"3,652"
The Peanut Butter Falcon,N/A,17
Doctor Strange,"$165,000,000 ","3,882"
The Favourite,N/A,4
Leap!,N/A,77
Ingrid Goes West,N/A,3
Colossal,N/A,4
Close Encounters of the Third Kind,"$20,000,000 ",901
Raees,N/A,265
Til Death Do Us Part,N/A,562
An Inconvenient Sequel: Truth to Power,"$1,000,000 ",4
The Oscar Nominated Short Films 2017: Live Action,N/A,206
Trolls,"$125,000,000 ","4,060"
Kedi,N/A,1
Phoenix Forgotten,"$2,800,000 ","1,626"
Their Finest,N/A,4
Table 19,N/A,868
A Monster Calls,N/A,4
Friend Request,"$9,900,000 ","2,573"
Norman,N/A,5
A United Kingdom,N/A,4
Sleight,"$250,000 ",565
Dangal,N/A,331
The Hero,N/A,4
Stronger,N/A,573
The Book of Henry,N/A,579
Jojo Rabbit,N/A,5
Shaft,N/A,"2,952"
Hellboy,"$50,000,000 ","3,303"
Black and Blue,"$12,000,000 ","2,062"
47 Meters Down: Uncaged,"$12,000,000 ","2,853"
Stuber,N/A,"3,050"
Parasite,N/A,3
Booksmart,N/A,"2,505"
A Dog's Journey,N/A,"3,267"
On the Basis of Sex,N/A,33
Fighting with My Family,N/A,4
Judy,N/A,461
Uncut Gems,N/A,5
Countdown,"$6,500,000 ","2,675"
The Art of Racing in the Rain,N/A,"2,765"
Ralph Breaks the Internet,"$175,000,000 ","4,017"
Bohemian Rhapsody,"$52,000,000 ","4,000"
Midsommar,N/A,"2,707"
21 Bridges,"$33,000,000 ","2,665"
Tiger Zinda Hai,"$20,470,000 ",299
Vice,N/A,"2,442"
Happy Death Day 2U,"$9,000,000 ","3,207"
Ready or Not,"$6,000,000 ","2,855"
Call Me by Your Name,N/A,4
A Beautiful Planet,N/A,137
Office Christmas Party,"$45,000,000 ","3,210"
Your Name.,N/A,311
The Florida Project,N/A,4
Molly's Game,N/A,271
20th Century Women,N/A,4
The Man Who Invented Christmas,N/A,626
Paris Can Wait,N/A,4
Suburbicon,N/A,"2,046"
Just Getting Started,"$22,000,000 ","2,161"
Loving Vincent,N/A,1
Lowriders,N/A,295
Collateral Beauty,"$36,000,000 ","3,028"
All Saints,"$2,000,000 ",846
Same Kind of Different as Me,N/A,"1,362"
The Snowman,"$35,000,000 ","1,812"
Child's Play,"$10,000,000 ","3,007"
Spies in Disguise,N/A,"3,502"
Long Shot,N/A,"3,230"
Dragon Ball Super: Broly,N/A,"1,238"
Overcomer,"$5,000,000 ","1,723"
Doctor Sleep,N/A,"3,855"
Cold Pursuit,N/A,"2,630"
Maudie,N/A,4
The Hustle,N/A,"3,007"
The Intruder,"$8,000,000 ","2,222"
Little Women,"$40,000,000 ","3,308"
Crawl,"$13,500,000 ","3,170"
The Mule,"$50,000,000 ","2,588"
Breakthrough,"$14,000,000 ","2,824"
Last Christmas,"$25,000,000 ","3,448"
Queen & Slim,N/A,"1,690"
Birth of the Dragon,N/A,"1,618"
Little,"$20,000,000 ","2,667"
The Angry Birds Movie 2,"$65,000,000 ","3,869"
A Dog's Way Home,"$18,000,000 ","3,090"
Harriet,"$17,000,000 ","2,059"
Silence,N/A,4
Beatriz at Dinner,N/A,5
I Am Not Your Negro,N/A,43
Let There Be Light,N/A,373
Gold,N/A,"2,166"
Jackie,N/A,5
The Space Between Us,"$30,000,000 ","2,812"
A Cure for Wellness,"$40,000,000 ","2,704"
The Promise,"$90,000,000 ","2,251"
The Lost City of Z,N/A,4
Rock Dog,N/A,"2,077"
Marshall,"$12,000,000 ",821
Thank You for Your Service,"$20,000,000 ","2,054"
The Belko Experiment,"$5,000,000 ","1,341"
Live by Night,N/A,4
The Beguiled,N/A,4
Fantastic Beasts and Where to Find Them,"$180,000,000 ","4,144"
Arrival,"$47,000,000 ","2,317"
Unforgettable,"$12,000,000 ","2,417"
Before I Fall,N/A,"2,346"
Battle of the Sexes,N/A,21
All the Money in the World,N/A,"2,074"
The Founder,N/A,"1,115"
Playing with Fire,"$29,900,000 ","3,125"
"Roman J. Israel, Esq.","$22,000,000 ",4
Rambo: Last Blood,"$50,000,000 ","3,618"
Wonder Park,N/A,"3,838"
Ad Astra,N/A,"3,460"
Five Feet Apart,N/A,"2,803"
Ma,"$5,000,000 ","2,808"
Gemini Man,"$138,000,000 ","3,642"
Isn't It Romantic,N/A,"3,444"
Green Book,"$23,000,000 ",25
What Men Want,"$20,000,000 ","2,912"
Pet Sematary,"$21,000,000 ","3,585"
The Curse of la Llorona,"$9,000,000 ","3,372"
Dora and the Lost City of Gold,"$49,000,000 ","3,735"
Bumblebee,"$135,000,000 ","3,550"
Midway,"$100,000,000 ","3,242"
A Beautiful Day in the Neighborhood,"$25,000,000 ","3,235"
Escape Room,"$9,000,000 ","2,717"
Abominable,"$75,000,000 ","4,242"
Terminator: Dark Fate,"$185,000,000 ","4,086"
X-Men: Dark Phoenix,N/A,"3,721"
Mary Poppins Returns,"$130,000,000 ","4,090"
Scary Stories to Tell in the Dark,"$25,000,000 ","3,135"
Angel Has Fallen,"$40,000,000 ","3,286"
Father Figures,N/A,"2,902"
Megan Leavey,N/A,"1,956"
Wish Upon,"$12,000,000 ","2,250"
Detroit,"$34,000,000 ",20
Flatliners,"$19,000,000 ","2,552"
Born in China,N/A,"1,508"
It Comes At Night,N/A,"2,533"
The Case for Christ,N/A,"1,174"
Moonlight,"$4,000,000 ",4
The Shape of Water,N/A,2
Downsizing,"$68,000,000 ","2,668"
Mother!,"$30,000,000 ","2,368"
The Disaster Artist,N/A,19
Darkest Hour,N/A,4
Only the Brave,"$38,000,000 ","2,577"
Assassin's Creed,"$125,000,000 ","2,970"
The Glass Castle,N/A,"1,461"
The Zookeeper's Wife,N/A,541
Baahubali 2: The Conclusion,N/A,425
The Circle,"$18,000,000 ","3,163"
CHIPS,"$25,000,000 ","2,464"
Diary of a Wimpy Kid: The Long Haul,"$22,000,000 ","3,157"
Sleepless,N/A,"1,803"
Leap!,N/A,"2,575"
Zombieland: Double Tap,"$42,000,000 ","3,468"
Yesterday,"$26,000,000 ","2,603"
Annabelle Comes Home,N/A,"3,613"
Manchester by the Sea,"$9,000,000 ",4
Men in Black: International,"$110,000,000 ","4,224"
Spider-Man: Into the Spider-Verse,N/A,"3,813"
Good Boys,"$20,000,000 ","3,204"
Alita: Battle Angel,"$170,000,000 ","3,790"
Rocketman,"$40,000,000 ","3,610"
Downton Abbey,N/A,"3,079"
The Addams Family,N/A,"4,007"
Hustlers,"$20,000,000 ","3,250"
The Lego Movie 2: The Second Part,N/A,"4,303"
Ford v Ferrari,"$97,600,000 ","3,528"
The Upside,"$37,500,000 ","3,080"
A Madea Family Funeral,N/A,"2,442"
Godzilla: King of the Monsters,"$170,000,000 ","4,108"
Glass,"$20,000,000 ","3,841"
Maleficent: Mistress of Evil,N/A,"3,790"
Dumbo,"$170,000,000 ","4,259"
Knives Out,"$40,000,000 ","3,461"
My Little Pony: The Movie,"$6,500,000 ","2,528"
Rough Night,"$20,000,000 ","3,162"
Victoria & Abdul,N/A,4
The Bye Bye Man,"$7,400,000 ","2,220"
"Three Billboards Outside Ebbing, Missouri",N/A,4
Gifted,"$7,000,000 ",56
The House,"$40,000,000 ","3,134"
Resident Evil: The Final Chapter,"$40,000,000 ","3,104"
Home Again,"$12,000,000 ","2,940"
Logan Lucky,"$29,000,000 ","3,031"
Rings,"$25,000,000 ","2,931"
The Nut Job 2: Nutty by Nature,"$40,000,000 ","4,003"
Why Him?,"$38,000,000 ","2,917"
Life,"$58,000,000 ","3,146"
The Mountain Between Us,"$35,000,000 ","3,088"
Underworld: Blood Wars,"$35,000,000 ","3,070"
Kidnap,"$21,000,000 ","2,378"
Patriots Day,"$45,000,000 ",7
How to Be a Latin Lover,N/A,"1,118"
Fist Fight,N/A,"3,185"
Monster Trucks,N/A,"3,119"
Geostorm,"$120,000,000 ","3,246"
Aquaman,N/A,"4,125"
Shazam!,"$100,000,000 ","4,217"
Fences,"$24,000,000 ",4
Lady Bird,N/A,4
John Wick: Chapter 3 - Parabellum,N/A,"3,850"
Fast & Furious Presents: Hobbs & Shaw,"$200,000,000 ","4,253"
Us,"$20,000,000 ","3,741"
Jumanji: The Next Level,"$125,000,000 ","4,227"
Once Upon a Time... in Hollywood,"$90,000,000 ","3,659"
Pokémon Detective Pikachu,"$150,000,000 ","4,202"
The Secret Life of Pets 2,"$80,000,000 ","4,561"
How to Train Your Dragon: The Hidden World,"$129,000,000 ","4,259"
It Chapter Two,N/A,"4,570"
Joker,"$55,000,000 ","4,374"
Aladdin,"$183,000,000 ","4,476"
Spider-Man: Far from Home,"$160,000,000 ","4,634"
Star Wars: Episode IX - The Rise of Skywalker,N/A,"4,406"
Captain Marvel,N/A,"4,310"
Frozen II,N/A,"4,440"
Toy Story 4,N/A,"4,575"
"Everything, Everything","$10,000,000 ","2,801"
The Foreigner,"$35,000,000 ","2,515"
American Assassin,"$33,000,000 ","3,154"
Jigsaw,"$10,000,000 ","2,941"
King Arthur: Legend of the Sword,"$175,000,000 ","3,702"
The Star,"$20,000,000 ","2,837"
The Lion King,"$260,000,000 ","4,725"
Wind River,"$11,000,000 ",4
Valerian and the City of a Thousand Planets,"$177,200,000 ","3,553"
Ghost in the Shell,"$110,000,000 ","3,440"
Moana,N/A,"3,875"
The Big Sick,N/A,5
47 Meters Down,"$5,300,000 ","2,270"
Passengers,"$110,000,000 ","3,478"
xXx: Return of Xander Cage,"$85,000,000 ","3,651"
All Eyez on Me,"$40,000,000 ","2,471"
Going in Style,"$25,000,000 ","3,061"
Smurfs: The Lost Village,"$60,000,000 ","3,610"
The Great Wall,"$150,000,000 ","3,326"
Snatched,"$42,000,000 ","3,501"
Lion,"$12,000,000 ",4
Boo 2! A Madea Halloween,"$25,000,000 ","2,388"
The Greatest Showman,"$84,000,000 ","3,006"
The Dark Tower,"$60,000,000 ","3,451"
American Made,"$50,000,000 ","3,024"
Atomic Blonde,"$30,000,000 ","3,304"
Avengers: Endgame,"$356,000,000 ","4,662"
Ferdinand,"$111,000,000 ","3,621"
Happy Death Day,"$4,800,000 ","3,149"
The Shack,N/A,"2,888"
Baywatch,"$69,000,000 ","3,647"
The Lego Ninjago Movie,N/A,"4,047"
Pitch Perfect 3,"$45,000,000 ","3,447"
A Bad Moms Christmas,"$28,000,000 ","3,615"
The Hitman's Bodyguard,"$30,000,000 ","3,377"
The Mummy,"$125,000,000 ","4,035"
Power Rangers,"$100,000,000 ","3,693"
A Dog's Purpose,"$22,000,000 ","3,059"
Captain Underpants: The First Epic Movie,"$38,000,000 ","3,434"
Alien: Covenant,"$97,000,000 ","3,761"
The Emoji Movie,"$50,000,000 ","4,075"
Daddy's Home 2,"$69,000,000 ","3,575"
Blade Runner 2049,"$150,000,000 ","4,058"
Annabelle: Creation,"$15,000,000 ","3,502"
Baby Driver,"$34,000,000 ","3,226"
John Wick: Chapter 2,N/A,"3,113"
Kingsman: The Golden Circle,"$104,000,000 ","4,003"
Murder on the Orient Express,"$55,000,000 ","3,341"
Fifty Shades Darker,"$55,000,000 ","3,710"
Transformers: The Last Knight,"$217,000,000 ","4,069"
Split,"$9,000,000 ","3,038"
War for the Planet of the Apes,"$150,000,000 ","4,022"
Cars 3,N/A,"4,256"
Hidden Figures,"$25,000,000 ",25
Kong: Skull Island,"$185,000,000 ","3,846"
Jumanji: Welcome to the Jungle,"$90,000,000 ","3,765"
Pirates of the Caribbean: Dead Men Tell No Tales,"$230,000,000 ","4,276"
The Boss Baby,N/A,"3,773"
Get Out,"$4,500,000 ","2,781"
The Lego Batman Movie,"$80,000,000 ","4,088"
Coco,N/A,"3,987"
Dunkirk,"$100,000,000 ","3,720"
Justice League,N/A,"4,051"